Date,Local Currency,Amount In Local,Home Currency,Amount In Home,Category,Note
17 Apr 2013,THB,260,GBP,5.8,Transport,Airport taxi
17 Apr 2013,THB,190,GBP,4.24,Food,Dinner
17 Apr 2013,THB,100,GBP,2.23,Food,Beer
17 Apr 2013,THB,120,GBP,2.68,Miscellaneous,Foot massage
18 Apr 2013,THB,170,GBP,3.79,Food,
18 Apr 2013,THB,30,GBP,0.67,Transport,Boat
18 Apr 2013,THB,180,GBP,4.01,Food,
18 Apr 2013,THB,30,GBP,0.67,Food,Mango juice
18 Apr 2013,THB,143,GBP,3.19,Food,
18 Apr 2013,THB,240,GBP,5.35,Miscellaneous,Massage
18 Apr 2013,THB,150,GBP,3.34,Miscellaneous,Phone credit
19 Apr 2013,THB,600,GBP,13.38,Transport,Bus to koh Chang
19 Apr 2013,THB,145,GBP,3.23,Transport,Taxi to bus
19 Apr 2013,THB,160,GBP,3.57,Transport,Ferry
19 Apr 2013,THB,120,GBP,2.68,Transport,Songphew
19 Apr 2013,THB,600,GBP,13.38,Accommodation,
19 Apr 2013,THB,120,GBP,2.68,Food,
19 Apr 2013,THB,65,GBP,1.45,Food,
19 Apr 2013,THB,20,GBP,0.45,Food,
19 Apr 2013,THB,355,GBP,7.92,Food,
20 Apr 2013,THB,190,GBP,4.24,Food,
20 Apr 2013,THB,600,GBP,13.38,Accommodation,
20 Apr 2013,THB,270,GBP,6.02,Food,
20 Apr 2013,THB,290,GBP,6.47,Food,
21 Apr 2013,THB,205,GBP,4.57,Food,
21 Apr 2013,THB,700,GBP,15.61,Accommodation,
21 Apr 2013,THB,130,GBP,2.9,Food,
21 Apr 2013,THB,235,GBP,5.24,Food,
22 Apr 2013,THB,230,GBP,5.27,Food,
22 Apr 2013,THB,260,GBP,5.95,Food,
22 Apr 2013,THB,20,GBP,0.46,Food,Soft drink
22 Apr 2013,THB,90,GBP,2.06,Miscellaneous,Bite deitcher pharmacy
22 Apr 2013,THB,179,GBP,4.1,Miscellaneous,Bits and bobs
22 Apr 2013,THB,700,GBP,16.03,Accommodation,
22 Apr 2013,THB,310,GBP,7.1,Food,
23 Apr 2013,THB,110,GBP,2.52,Food,
23 Apr 2013,THB,700,GBP,16.03,Accommodation,
23 Apr 2013,THB,360,GBP,8.24,Food,
23 Apr 2013,THB,190,GBP,4.35,Food,
24 Apr 2013,THB,130,GBP,2.98,Food,
24 Apr 2013,THB,700,GBP,16.03,Accommodation,
24 Apr 2013,THB,190,GBP,4.35,Food,
24 Apr 2013,THB,270,GBP,6.18,Food,
25 Apr 2013,THB,20,GBP,0.46,Food,
25 Apr 2013,THB,160,GBP,3.66,Food,
25 Apr 2013,THB,49,GBP,1.12,,Yellow insect bite
25 Apr 2013,THB,160,GBP,3.66,Food,
25 Apr 2013,THB,30,GBP,0.69,Food,
25 Apr 2013,THB,200,GBP,4.58,Transport,
25 Apr 2013,THB,250,GBP,5.72,Miscellaneous,Thermometer 
25 Apr 2013,THB,230,GBP,5.27,Miscellaneous,Deet
25 Apr 2013,THB,160,GBP,3.66,Transport,
25 Apr 2013,THB,15,GBP,0.34,Food,
25 Apr 2013,THB,700,GBP,16.03,Accommodation,
25 Apr 2013,THB,60,GBP,1.37,Miscellaneous,Washing
25 Apr 2013,THB,180,GBP,4.12,Food,
26 Apr 2013,THB,80,GBP,1.83,Food,
26 Apr 2013,THB,245,GBP,5.61,Food,
26 Apr 2013,THB,400,GBP,9.16,Accommodation,
26 Apr 2013,THB,800,GBP,18.32,Transport,Boat ko maak
26 Apr 2013,THB,60,GBP,1.37,Entertainment,Beer
26 Apr 2013,THB,60,GBP,1.37,Entertainment,Beer
26 Apr 2013,THB,325,GBP,7.44,Food,
27 Apr 2013,THB,245,GBP,5.61,Food,
27 Apr 2013,THB,150,GBP,3.43,Entertainment,Cocktails
27 Apr 2013,THB,235,GBP,5.38,Food,
27 Apr 2013,THB,15,GBP,0.34,Food,Water
27 Apr 2013,THB,195,GBP,4.46,Food,
27 Apr 2013,THB,400,GBP,9.16,Accommodation,
28 Apr 2013,THB,110,GBP,2.52,Food,
28 Apr 2013,THB,190,GBP,4.35,Food,
28 Apr 2013,THB,240,GBP,5.5,Food,
28 Apr 2013,THB,400,GBP,9.16,Accommodation,
29 Apr 2013,THB,400,GBP,9.16,Accommodation,
29 Apr 2013,THB,50,GBP,1.14,Food,
29 Apr 2013,THB,300,GBP,6.87,Miscellaneous,Motorbike
29 Apr 2013,THB,80,GBP,1.83,Food,
29 Apr 2013,THB,15,GBP,0.34,Food,
29 Apr 2013,THB,264,GBP,6.04,Food,
29 Apr 2013,THB,95,GBP,2.18,Miscellaneous,Itch cures and stuff
29 Apr 2013,THB,180,GBP,4.12,Entertainment,
29 Apr 2013,THB,170,GBP,3.89,Food,
30 Apr 2013,THB,240,GBP,5.5,Food,
30 Apr 2013,THB,100,GBP,2.29,Transport,
30 Apr 2013,THB,530,GBP,12.14,Transport,
30 Apr 2013,THB,900,GBP,20.61,Transport,
30 Apr 2013,THB,15,GBP,0.34,Food,
30 Apr 2013,THB,80,GBP,1.83,Food,
30 Apr 2013,THB,35,GBP,0.8,Food,
30 Apr 2013,THB,80,GBP,1.83,Transport,
30 Apr 2013,THB,67,GBP,1.53,Food,
30 Apr 2013,THB,160,GBP,3.66,Food,
30 Apr 2013,THB,35,GBP,0.8,Food,
30 Apr 2013,THB,79,GBP,1.81,Entertainment,
1 May 2013,THB,225,GBP,5.15,Food,Little breakfast true coffee
1 May 2013,THB,54,GBP,1.19,Food,
1 May 2013,THB,40,GBP,0.88,Food,
1 May 2013,THB,364,GBP,7.99,Food,
1 May 2013,THB,130,GBP,2.85,Food,
2 May 2013,THB,240,GBP,5.27,Miscellaneous,Passport photos
2 May 2013,THB,60,GBP,1.32,Transport,
2 May 2013,THB,108,GBP,2.37,Food,
2 May 2013,THB,2070,GBP,45.45,Miscellaneous,Burma visa
2 May 2013,THB,1276,GBP,28.02,Miscellaneous,Japanese encephalitis injection
2 May 2013,THB,231,GBP,5.07,Food,
2 May 2013,THB,60,GBP,1.32,Miscellaneous,
2 May 2013,THB,70,GBP,1.54,Transport,
2 May 2013,THB,70,GBP,1.54,Transport,
2 May 2013,THB,3,GBP,0.07,Food,Water
2 May 2013,THB,50,GBP,1.1,Transport,
2 May 2013,THB,127,GBP,2.79,Food,
3 May 2013,THB,50,GBP,1.1,Transport,
3 May 2013,THB,2400,GBP,52.69,Miscellaneous,Dentist
3 May 2013,THB,517,GBP,11.35,Food,
3 May 2013,THB,40,GBP,0.88,Transport,
3 May 2013,THB,115,GBP,2.52,Food,Starbucks!
3 May 2013,THB,40,GBP,0.88,Transport,
3 May 2013,THB,40,GBP,0.88,Transport,
3 May 2013,THB,80,GBP,1.76,Transport,
3 May 2013,THB,125,GBP,2.74,Food,
3 May 2013,THB,250,GBP,5.49,Miscellaneous,Bum bag
3 May 2013,THB,95,GBP,2.09,Transport,
4 May 2013,THB,90,GBP,1.98,Transport,
4 May 2013,THB,218,GBP,4.79,Food,
4 May 2013,THB,50,GBP,1.1,Food,
4 May 2013,THB,160,GBP,3.51,Food,
4 May 2013,THB,60,GBP,1.32,Food,
4 May 2013,THB,80,GBP,1.76,Miscellaneous,Hat 
4 May 2013,THB,1000,GBP,21.96,Miscellaneous,Grand palace
4 May 2013,THB,200,GBP,4.39,Miscellaneous,Reclining Buddha 
4 May 2013,THB,30,GBP,0.66,Food,
4 May 2013,THB,100,GBP,2.2,Miscellaneous,Temple of the dawn
4 May 2013,THB,100,GBP,2.2,Transport,
4 May 2013,THB,164,GBP,3.6,Food,
4 May 2013,THB,79,GBP,1.73,Food,
5 May 2013,THB,411,GBP,9.02,Entertainment,Cocktails
5 May 2013,THB,47,GBP,1.03,Transport,
5 May 2013,THB,110,GBP,2.42,Food,
5 May 2013,THB,230,GBP,5.05,Miscellaneous,Shirt
5 May 2013,THB,150,GBP,3.29,Miscellaneous,Top
5 May 2013,THB,400,GBP,8.78,Miscellaneous,Trousers
5 May 2013,THB,150,GBP,3.29,Transport,
5 May 2013,THB,140,GBP,3.07,Food,
5 May 2013,THB,100,GBP,2.2,Food,
5 May 2013,THB,70,GBP,1.54,Transport,
6 May 2013,THB,260,GBP,5.71,Transport,
6 May 2013,THB,365,GBP,8.01,Food,
6 May 2013,MMK,7500,GBP,5.25,Food,
6 May 2013,GBP,258,GBP,258,Transport,Flights to Myanmar 
6 May 2013,MMK,300,GBP,0.21,Food,
6 May 2013,MMK,500,GBP,0.35,Miscellaneous,Shave
6 May 2013,MMK,300,GBP,0.21,Food,
6 May 2013,MMK,300,GBP,0.21,Food,
6 May 2013,MMK,2000,GBP,1.4,Transport,
6 May 2013,MMK,10000,GBP,7,Miscellaneous,Entrance fee for pagoda
6 May 2013,MMK,2000,GBP,1.4,Transport,
6 May 2013,MMK,22200,GBP,15.54,Accommodation,25 USD
7 May 2013,MMK,3800,GBP,2.66,Miscellaneous,Book lunghi 
7 May 2013,MMK,600,GBP,0.42,Food,Tea
7 May 2013,MMK,300,GBP,0.21,Food,
7 May 2013,MMK,300,GBP,0.21,Food,
7 May 2013,MMK,1000,GBP,0.7,Transport,
7 May 2013,MMK,2600,GBP,1.82,Food,
7 May 2013,MMK,6000,GBP,4.2,Miscellaneous,Paya entry
7 May 2013,MMK,350,GBP,0.24,Food,
7 May 2013,MMK,26640,GBP,18.65,Accommodation,
7 May 2013,MMK,1500,GBP,1.05,Transport,
7 May 2013,MMK,7500,GBP,5.25,Entertainment,
7 May 2013,MMK,13900,GBP,9.73,Food,
7 May 2013,MMK,2000,GBP,1.4,Transport,
7 May 2013,MMK,8000,GBP,5.6,Transport,
7 May 2013,MMK,20000,GBP,14,Transport,
8 May 2013,MMK,500,GBP,0.35,Food,
8 May 2013,MMK,500,GBP,0.35,Food,
8 May 2013,MMK,2000,GBP,1.4,Transport,
8 May 2013,MMK,31080,GBP,21.76,Accommodation,
8 May 2013,MMK,4900,GBP,3.43,Food,
9 May 2013,MMK,600,GBP,0.42,Food,
9 May 2013,MMK,26000,GBP,18.2,Transport,
9 May 2013,MMK,1000,GBP,0.7,Food,
9 May 2013,MMK,4000,GBP,2.8,Transport,
9 May 2013,MMK,500,GBP,0.35,Miscellaneous,Camera permit golden rock
9 May 2013,MMK,1000,GBP,0.7,Miscellaneous,Tile wishes
9 May 2013,MMK,14000,GBP,9.8,Miscellaneous,Bike to golden rock etc
9 May 2013,MMK,1000,GBP,0.7,Food,
10 May 2013,MMK,2000,GBP,1.4,Entertainment,
10 May 2013,MMK,19960,GBP,13.97,Accommodation,
11 May 2013,MMK,12000,GBP,8.4,Transport,
11 May 2013,MMK,5000,GBP,3.5,Food,
11 May 2013,MMK,10000,GBP,7,Miscellaneous,Bike rental
11 May 2013,MMK,2000,GBP,1.4,Miscellaneous,Sander guide
11 May 2013,MMK,2800,GBP,1.96,Transport,Bike petrol
11 May 2013,MMK,19960,GBP,13.97,Accommodation,
11 May 2013,MMK,31280,GBP,21.9,Food,Coconut food
11 May 2013,MMK,1400,GBP,0.98,Miscellaneous,Bike petrol
11 May 2013,MMK,1500,GBP,1.05,Food,
12 May 2013,MMK,600,GBP,0.42,Food,
12 May 2013,MMK,2000,GBP,1.4,Food,
12 May 2013,MMK,500,GBP,0.35,Food,
12 May 2013,MMK,2000,GBP,1.4,Transport,
12 May 2013,MMK,300,GBP,0.21,Food,
12 May 2013,MMK,6600,GBP,4.62,Food,
12 May 2013,MMK,300,GBP,0.21,Food,
12 May 2013,MMK,400,GBP,0.28,Miscellaneous,Internet
12 May 2013,MMK,35520,GBP,24.86,Accommodation,
13 May 2013,MMK,600,GBP,0.42,Food,
13 May 2013,MMK,300,GBP,0.21,Food,
13 May 2013,MMK,1000,GBP,0.7,Entertainment,
13 May 2013,MMK,500,GBP,0.35,Food,
13 May 2013,MMK,2000,GBP,1.4,Miscellaneous,Monk guide
13 May 2013,MMK,2000,GBP,1.4,Transport,Airport tax
13 May 2013,MMK,1000,GBP,0.7,Miscellaneous,Monestry donation
13 May 2013,MMK,35520,GBP,24.86,Accommodation,
13 May 2013,MMK,4500,GBP,3.15,Food,
14 May 2013,MMK,200,GBP,0.14,Food,
14 May 2013,MMK,4000,GBP,2.8,Transport,
14 May 2013,MMK,38000,GBP,26.6,Transport,
14 May 2013,MMK,500,GBP,0.35,Food,
14 May 2013,MMK,3800,GBP,2.66,Food,
14 May 2013,MMK,1000,GBP,0.7,Food,
14 May 2013,MMK,500,GBP,0.35,Food,
14 May 2013,MMK,4500,GBP,3.15,Food,
15 May 2013,MMK,3500,GBP,2.45,Transport,
15 May 2013,MMK,2200,GBP,1.54,Food,
15 May 2013,MMK,39960,GBP,27.97,Accommodation,
15 May 2013,MMK,2500,GBP,1.75,Transport,Bike hire
15 May 2013,MMK,5500,GBP,3.85,Food,
15 May 2013,MMK,7500,GBP,5.25,Food,
16 May 2013,MMK,300,GBP,0.21,Food,
16 May 2013,MMK,17760,GBP,12.43,Miscellaneous,Bagan entry fee
16 May 2013,MMK,39960,GBP,27.97,Accommodation,
16 May 2013,MMK,2900,GBP,2.03,Food,
16 May 2013,MMK,9000,GBP,6.3,Food,
16 May 2013,MMK,3000,GBP,2.1,Entertainment,
17 May 2013,MMK,500,GBP,0.35,Food,
17 May 2013,MMK,300,GBP,0.21,Food,
17 May 2013,MMK,1200,GBP,0.84,Food,
17 May 2013,MMK,400,GBP,0.28,Food,
17 May 2013,MMK,15000,GBP,10.5,Transport,
17 May 2013,MMK,300,GBP,0.21,Food,
17 May 2013,MMK,1000,GBP,0.7,Transport,
17 May 2013,MMK,1500,GBP,1.05,Food,
17 May 2013,MMK,3000,GBP,2.1,Transport,
17 May 2013,MMK,26640,GBP,18.65,Accommodation,
17 May 2013,MMK,12800,GBP,8.96,Food,
18 May 2013,MMK,25000,GBP,17.69,Accommodation,
18 May 2013,MMK,5400,GBP,3.82,Food,
18 May 2013,MMK,2000,GBP,1.42,Entertainment,Bike rental
18 May 2013,MMK,9000,GBP,6.37,Entertainment,Gardens
18 May 2013,MMK,2050,GBP,1.45,Food,
18 May 2013,MMK,600,GBP,0.42,Food,
18 May 2013,MMK,900,GBP,0.64,Miscellaneous,Electrolyte 
19 May 2013,MMK,25000,GBP,17.69,Accommodation,
19 May 2013,MMK,7300,GBP,5.17,Food,
19 May 2013,MMK,7700,GBP,5.45,Food,
20 May 2013,MMK,24000,GBP,16.98,Transport,
20 May 2013,MMK,7600,GBP,5.38,Food,
20 May 2013,MMK,12350,GBP,8.74,Miscellaneous,Chopsticks
20 May 2013,THB,20,GBP,0.44,Food,
20 May 2013,THB,384,GBP,8.43,Food,
20 May 2013,THB,95,GBP,2.09,Food,
20 May 2013,THB,41,GBP,0.9,Miscellaneous,
20 May 2013,THB,249,GBP,5.47,Food,
20 May 2013,THB,390,GBP,8.56,Miscellaneous,Tea tree oil
20 May 2013,THB,17,GBP,0.37,Food,
21 May 2013,SGD,9.46,GBP,4.94,,
21 May 2013,SGD,8.56,GBP,4.47,Miscellaneous,Left luggage
21 May 2013,SGD,50,GBP,26.1,Entertainment,Gardens by the bay 
21 May 2013,SGD,20,GBP,10.44,Transport,
21 May 2013,SGD,23.6,GBP,12.32,Food,
21 May 2013,SGD,10,GBP,5.22,Miscellaneous,Chopsticks
21 May 2013,SGD,40,GBP,20.88,Miscellaneous,Marina sands roof
21 May 2013,SGD,3.2,GBP,1.67,Food,
21 May 2013,SGD,13.23,GBP,6.91,Miscellaneous,Aloe Vera
21 May 2013,SGD,21.89,GBP,11.43,Food,
21 May 2013,SGD,16,GBP,8.35,Food,
22 May 2013,IDR,120000,GBP,8.06,Miscellaneous,SIM card and credit
22 May 2013,IDR,80000,GBP,5.38,Transport,Airport tax
22 May 2013,IDR,15000,GBP,1.01,Food,
22 May 2013,IDR,210000,GBP,14.11,Accommodation,
22 May 2013,IDR,70000,GBP,4.7,Food,
22 May 2013,IDR,43000,GBP,2.89,Food,
22 May 2013,IDR,46750,GBP,3.14,Food,
22 May 2013,IDR,30000,GBP,2.02,Food,
22 May 2013,IDR,3500,GBP,0.24,Food,
22 May 2013,IDR,5000,GBP,0.34,Transport,
22 May 2013,IDR,5000,GBP,0.34,Transport,
23 May 2013,IDR,200000,GBP,13.44,Food,
23 May 2013,IDR,15000,GBP,1.01,Food,
23 May 2013,IDR,10000,GBP,0.67,Food,
23 May 2013,IDR,20000,GBP,1.34,Food,
23 May 2013,IDR,100000,GBP,6.72,Transport,
23 May 2013,IDR,200000,GBP,13.44,Accommodation,
23 May 2013,IDR,40000,GBP,2.69,Transport,
24 May 2013,IDR,200000,GBP,13.44,Food,
24 May 2013,IDR,200000,GBP,13.44,Accommodation,
25 May 2013,IDR,200000,GBP,13.44,Accommodation,
25 May 2013,IDR,200000,GBP,13.44,Food,
26 May 2013,IDR,200000,GBP,13.44,Food,
26 May 2013,IDR,200000,GBP,13.44,Accommodation,
27 May 2013,IDR,360000,GBP,24.19,,Diving
27 May 2013,IDR,100000,GBP,6.72,Entertainment,National park fees
27 May 2013,IDR,200000,GBP,13.44,Food,
27 May 2013,IDR,200000,GBP,13.44,Accommodation,
28 May 2013,IDR,150000,GBP,10.08,Miscellaneous,Laundry
28 May 2013,IDR,200000,GBP,13.44,Food,
28 May 2013,IDR,200000,GBP,13.44,Accommodation,
29 May 2013,IDR,105000,GBP,7.06,Food,Cokes
29 May 2013,IDR,240000,GBP,16.13,Entertainment,Beers
29 May 2013,IDR,23250,GBP,1.56,Miscellaneous,Credit card fee
29 May 2013,IDR,200000,GBP,13.44,Food,
29 May 2013,IDR,200000,GBP,13.44,Accommodation,
30 May 2013,IDR,20000,GBP,1.34,Transport,Bunaken to boat
30 May 2013,IDR,100000,GBP,6.72,Transport,Boat to manado
30 May 2013,IDR,5000,GBP,0.34,Transport,
30 May 2013,IDR,18000,GBP,1.21,Transport,
30 May 2013,IDR,5000,GBP,0.34,Transport,
30 May 2013,IDR,50000,GBP,3.36,Transport,Car to national park
30 May 2013,IDR,125000,GBP,8.4,Accommodation,
30 May 2013,IDR,125000,GBP,8.4,Food,
31 May 2013,IDR,400000,GBP,26.88,Entertainment,See the tarsiers 
31 May 2013,IDR,60000,GBP,4.03,Entertainment,Park fees
31 May 2013,IDR,15000,GBP,1.01,Transport,
31 May 2013,IDR,15000,GBP,1.01,Transport,
31 May 2013,IDR,10000,GBP,0.67,Food,
31 May 2013,IDR,10000,GBP,0.67,Food,
31 May 2013,IDR,250000,GBP,16.8,Transport,
31 May 2013,IDR,50000,GBP,3.36,Transport,
31 May 2013,IDR,30000,GBP,2.02,Food,
31 May 2013,IDR,130000,GBP,8.74,Accommodation,
1 Jun 2013,IDR,350000,GBP,23.52,Transport,
1 Jun 2013,IDR,20000,GBP,1.34,Food,
1 Jun 2013,IDR,120750,GBP,8.11,Food,
1 Jun 2013,IDR,48000,GBP,3.23,Food,
2 Jun 2013,IDR,42000,GBP,2.82,Transport,
2 Jun 2013,IDR,10000,GBP,0.67,Miscellaneous,Boat mattress 
2 Jun 2013,IDR,10000,GBP,0.67,Food,
2 Jun 2013,IDR,150000,GBP,10.08,Food,
2 Jun 2013,IDR,150000,GBP,10.08,Accommodation,
2 Jun 2013,IDR,8000,GBP,0.54,Food,
2 Jun 2013,IDR,5000,GBP,0.34,Food,
3 Jun 2013,IDR,150000,GBP,10.08,Accommodation,
3 Jun 2013,IDR,150000,GBP,10.08,Food,
3 Jun 2013,IDR,50000,GBP,3.36,Entertainment,
4 Jun 2013,IDR,150000,GBP,10.08,Food,
4 Jun 2013,IDR,150000,GBP,10.08,Accommodation,
5 Jun 2013,IDR,100000,GBP,6.72,Accommodation,
5 Jun 2013,IDR,100000,GBP,6.72,Food,
5 Jun 2013,IDR,100000,GBP,6.72,Entertainment,Snorkelling trip
6 Jun 2013,IDR,150000,GBP,10.08,Accommodation,
6 Jun 2013,IDR,150000,GBP,10.08,Food,
6 Jun 2013,IDR,10000,GBP,0.67,Food,Coke
7 Jun 2013,IDR,150000,GBP,10.08,Accommodation,
7 Jun 2013,IDR,150000,GBP,10.08,Food,
7 Jun 2013,IDR,10000,GBP,0.67,Food,Coke
7 Jun 2013,IDR,10000,GBP,0.67,Food,
7 Jun 2013,IDR,50000,GBP,3.36,Food,
8 Jun 2013,IDR,150000,GBP,10.08,Accommodation,
8 Jun 2013,IDR,150000,GBP,10.08,Food,
8 Jun 2013,IDR,50000,GBP,3.36,Miscellaneous,Tip
8 Jun 2013,IDR,10000,GBP,0.67,Food,
8 Jun 2013,IDR,10000,GBP,0.67,Food,
9 Jun 2013,IDR,40000,GBP,2.69,Transport,
9 Jun 2013,IDR,1000,GBP,0.07,Food,
9 Jun 2013,IDR,5000,GBP,0.34,Food,
9 Jun 2013,IDR,2000,GBP,0.13,Food,
9 Jun 2013,IDR,250000,GBP,16.8,Transport,
9 Jun 2013,IDR,175000,GBP,11.76,Food,
9 Jun 2013,IDR,175000,GBP,11.76,Accommodation,
9 Jun 2013,IDR,8000,GBP,0.54,Food,
10 Jun 2013,IDR,175000,GBP,11.76,Accommodation,
10 Jun 2013,IDR,175000,GBP,11.76,Food,
10 Jun 2013,IDR,8000,GBP,0.54,Food,
10 Jun 2013,IDR,8000,GBP,0.54,Food,
11 Jun 2013,IDR,175000,GBP,11.76,Accommodation,
11 Jun 2013,IDR,175000,GBP,11.76,Food,
11 Jun 2013,IDR,8000,GBP,0.54,Food,
12 Jun 2013,IDR,63000,GBP,4.23,Food,
12 Jun 2013,IDR,40000,GBP,2.69,Entertainment,
12 Jun 2013,IDR,33000,GBP,2.22,Food,
12 Jun 2013,IDR,10000,GBP,0.67,Transport,
12 Jun 2013,IDR,50000,GBP,3.36,Transport,Boat to ampana
12 Jun 2013,IDR,50000,GBP,3.36,Transport,Petrol / tip
12 Jun 2013,IDR,10000,GBP,0.67,Transport,
12 Jun 2013,IDR,125000,GBP,8.4,Accommodation,
13 Jun 2013,IDR,300000,GBP,20.16,Transport,
13 Jun 2013,IDR,20000,GBP,1.34,Transport,
13 Jun 2013,IDR,68000,GBP,4.57,Food,
13 Jun 2013,IDR,200000,GBP,13.44,Accommodation,
13 Jun 2013,IDR,35000,GBP,2.35,Food,
13 Jun 2013,IDR,17000,GBP,1.14,Food,
14 Jun 2013,IDR,5000,GBP,0.34,Food,
14 Jun 2013,IDR,10000,GBP,0.67,Food,
14 Jun 2013,IDR,60000,GBP,4.03,Transport,Bike rental
14 Jun 2013,IDR,10000,GBP,0.67,Transport,
14 Jun 2013,IDR,23000,GBP,1.55,Food,
14 Jun 2013,IDR,260000,GBP,17.47,Transport,
15 Jun 2013,IDR,5000,GBP,0.34,Food,
15 Jun 2013,IDR,154000,GBP,10.35,Accommodation,
15 Jun 2013,IDR,73700,GBP,4.95,Food,
15 Jun 2013,IDR,5500,GBP,0.37,Food,
15 Jun 2013,IDR,10000,GBP,0.67,Food,
15 Jun 2013,IDR,5000,GBP,0.34,Food,
15 Jun 2013,IDR,8000,GBP,0.54,Transport,
16 Jun 2013,IDR,92400,GBP,6.21,,
16 Jun 2013,IDR,60000,GBP,4.03,Transport,Bike rental
16 Jun 2013,IDR,6000,GBP,0.4,Transport,Petrol
16 Jun 2013,IDR,154000,GBP,10.35,Accommodation,
16 Jun 2013,IDR,60000,GBP,4.03,Food,
16 Jun 2013,IDR,3000,GBP,0.2,Food,
16 Jun 2013,IDR,5000,GBP,0.34,Entertainment,
16 Jun 2013,IDR,36000,GBP,2.42,Food,
17 Jun 2013,IDR,70400,GBP,4.73,,
17 Jun 2013,IDR,300000,GBP,20.16,Entertainment,Funeral guide and car
17 Jun 2013,IDR,20000,GBP,1.34,Entertainment,Lamp entrance fee
17 Jun 2013,IDR,48000,GBP,3.23,Entertainment,Funeral presents
17 Jun 2013,IDR,6000,GBP,0.4,Food,
17 Jun 2013,IDR,154000,GBP,10.35,Accommodation,
17 Jun 2013,IDR,115000,GBP,7.73,Food,
18 Jun 2013,IDR,182600,GBP,12.27,Food,
18 Jun 2013,IDR,31900,GBP,2.14,Entertainment,
18 Jun 2013,IDR,27500,GBP,1.85,Miscellaneous,Laundry
18 Jun 2013,IDR,154000,GBP,10.35,Accommodation,
18 Jun 2013,IDR,44100,GBP,2.96,Food,Supermarket rantepao
18 Jun 2013,IDR,48000,GBP,3.23,Food,
18 Jun 2013,IDR,38500,GBP,2.59,Food,
18 Jun 2013,IDR,2000,GBP,0.13,Entertainment,
18 Jun 2013,IDR,10000,GBP,0.67,Transport,
19 Jun 2013,IDR,6000,GBP,0.4,Food,
19 Jun 2013,IDR,52800,GBP,3.55,Food,
19 Jun 2013,IDR,40000,GBP,2.69,Food,
19 Jun 2013,IDR,1000,GBP,0.07,Miscellaneous,Toilet
19 Jun 2013,IDR,220000,GBP,14.78,Transport,
19 Jun 2013,IDR,28000,GBP,1.88,Food,
19 Jun 2013,IDR,30000,GBP,2.02,Transport,
19 Jun 2013,IDR,50000,GBP,3.36,Miscellaneous,Phone credit
19 Jun 2013,IDR,1119000,GBP,75.2,Transport,Boat to Flores 
19 Jun 2013,IDR,10000,GBP,0.67,Transport,
19 Jun 2013,IDR,150000,GBP,10.08,Accommodation,
19 Jun 2013,IDR,5000,GBP,0.34,Food,
20 Jun 2013,IDR,14000,GBP,0.94,Food,
20 Jun 2013,IDR,30000,GBP,2.02,Food,
21 Jun 2013,IDR,93000,GBP,6.25,Food,
21 Jun 2013,IDR,83000,GBP,5.58,Food,
21 Jun 2013,IDR,150000,GBP,10.08,Accommodation,
21 Jun 2013,IDR,200000,GBP,13.44,Transport,
22 Jun 2013,IDR,150000,GBP,10.08,Miscellaneous,Kelimutu guide
22 Jun 2013,IDR,350000,GBP,23.52,Transport,
22 Jun 2013,IDR,45000,GBP,3.02,Food,
22 Jun 2013,IDR,3000,GBP,0.2,Food,
22 Jun 2013,IDR,20000,GBP,1.34,Miscellaneous,Dus tip
22 Jun 2013,IDR,300000,GBP,20.16,Accommodation,
22 Jun 2013,IDR,89000,GBP,5.98,Food,
23 Jun 2013,IDR,82000,GBP,5.51,Food,
23 Jun 2013,IDR,300000,GBP,20.16,Accommodation,
23 Jun 2013,IDR,75000,GBP,5.04,Transport,Bike rental
23 Jun 2013,IDR,10000,GBP,0.67,Miscellaneous,Village entrance
23 Jun 2013,IDR,12000,GBP,0.81,Miscellaneous,
23 Jun 2013,IDR,30000,GBP,2.02,Entertainment,Hot springs
23 Jun 2013,IDR,15000,GBP,1.01,Transport,Petrol
23 Jun 2013,IDR,43000,GBP,2.89,Food,
24 Jun 2013,IDR,45000,GBP,3.02,Food,
24 Jun 2013,IDR,100000,GBP,6.72,Transport,
24 Jun 2013,IDR,200000,GBP,13.44,Accommodation,
24 Jun 2013,IDR,65000,GBP,4.37,Food,
25 Jun 2013,IDR,400000,GBP,26.88,Entertainment,Boat 17 islands
25 Jun 2013,IDR,200000,GBP,13.44,Accommodation,
25 Jun 2013,IDR,105000,GBP,7.06,Food,
25 Jun 2013,IDR,7000,GBP,0.47,Food,
26 Jun 2013,IDR,100000,GBP,6.72,Transport,
26 Jun 2013,IDR,160000,GBP,10.75,Transport,
26 Jun 2013,IDR,48000,GBP,3.23,Food,
26 Jun 2013,IDR,270000,GBP,18.14,Accommodation,
26 Jun 2013,IDR,55000,GBP,3.7,Food,
27 Jun 2013,IDR,50000,GBP,3.36,Miscellaneous,Washing
27 Jun 2013,IDR,160000,GBP,10.75,Transport,
27 Jun 2013,IDR,6000,GBP,0.4,Food,
27 Jun 2013,IDR,250000,GBP,16.8,Accommodation,
27 Jun 2013,IDR,35000,GBP,2.35,Food,
27 Jun 2013,IDR,70000,GBP,4.7,Entertainment,
27 Jun 2013,IDR,7500,GBP,0.5,Food,
27 Jun 2013,IDR,123000,GBP,8.27,Food,
27 Jun 2013,IDR,65000,GBP,4.37,Entertainment,
28 Jun 2013,IDR,20000,GBP,1.34,Transport,
28 Jun 2013,IDR,239000,GBP,16.06,Miscellaneous,Supermarket for boat trip
28 Jun 2013,IDR,233333,GBP,15.68,Accommodation,
28 Jun 2013,IDR,233333,GBP,15.68,Food,
28 Jun 2013,IDR,233333,GBP,15.68,Transport,
28 Jun 2013,IDR,233333,GBP,15.68,Entertainment,
29 Jun 2013,IDR,50000,GBP,3.36,Entertainment,Komodo camera fee
29 Jun 2013,IDR,233333,GBP,15.68,Accommodation,
29 Jun 2013,IDR,233333,GBP,15.68,Food,
29 Jun 2013,IDR,233333,GBP,15.68,Transport,
29 Jun 2013,IDR,233333,GBP,15.68,Entertainment,
30 Jun 2013,IDR,233333,GBP,15.68,Accommodation,
30 Jun 2013,IDR,233333,GBP,15.68,Food,
30 Jun 2013,IDR,233333,GBP,15.68,Transport,
30 Jun 2013,IDR,233333,GBP,15.68,Entertainment,
1 Jul 2013,IDR,130000,GBP,8.74,Accommodation,
1 Jul 2013,IDR,4000,GBP,0.27,Transport,
1 Jul 2013,IDR,164010,GBP,11.02,Food,
1 Jul 2013,IDR,39200,GBP,2.63,Miscellaneous,
1 Jul 2013,IDR,179400,GBP,12.06,Food,
2 Jul 2013,IDR,40000,GBP,2.69,Food,
2 Jul 2013,IDR,5000,GBP,0.34,Transport,
2 Jul 2013,IDR,400000,GBP,26.88,Accommodation,
2 Jul 2013,IDR,30000,GBP,2.02,Food,
2 Jul 2013,IDR,13500,GBP,0.91,Miscellaneous,Tweezers
2 Jul 2013,IDR,80000,GBP,5.38,Food,
3 Jul 2013,IDR,45000,GBP,3.02,Food,
3 Jul 2013,IDR,7000,GBP,0.47,Food,
3 Jul 2013,IDR,10000,GBP,0.67,Transport,
3 Jul 2013,IDR,10000,GBP,0.67,Transport,
3 Jul 2013,IDR,30000,GBP,2.02,Transport,
3 Jul 2013,IDR,50000,GBP,3.36,Transport,
3 Jul 2013,IDR,250000,GBP,16.8,Accommodation,
3 Jul 2013,IDR,50000,GBP,3.36,Transport,Motorbike rental
3 Jul 2013,IDR,77500,GBP,5.21,Food,
4 Jul 2013,IDR,77000,GBP,5.17,Food,
4 Jul 2013,IDR,250000,GBP,16.8,Accommodation,
4 Jul 2013,IDR,7000,GBP,0.47,Transport,Gas
4 Jul 2013,IDR,5000,GBP,0.34,Miscellaneous,Parking
4 Jul 2013,IDR,10000,GBP,0.67,Food,
4 Jul 2013,IDR,46000,GBP,3.09,Food,
5 Jul 2013,IDR,10000,GBP,0.67,Transport,
5 Jul 2013,IDR,130000,GBP,8.74,Accommodation,
5 Jul 2013,IDR,45000,GBP,3.02,Food,
5 Jul 2013,IDR,55000,GBP,3.7,Food,
5 Jul 2013,IDR,3000,GBP,0.2,Miscellaneous,
5 Jul 2013,IDR,50000,GBP,3.36,Transport,Bike rental
5 Jul 2013,IDR,45000,GBP,3.02,Entertainment,
6 Jul 2013,IDR,40000,GBP,2.69,Transport,Bike
6 Jul 2013,IDR,14000,GBP,0.94,Transport,Gas
6 Jul 2013,IDR,100000,GBP,6.72,Entertainment,Surf boards
6 Jul 2013,IDR,90000,GBP,6.05,Miscellaneous,Shorts
6 Jul 2013,IDR,130000,GBP,8.74,Accommodation,
6 Jul 2013,IDR,117600,GBP,7.9,Food,
6 Jul 2013,IDR,70000,GBP,4.7,Miscellaneous,Broken fin
6 Jul 2013,IDR,30000,GBP,2.02,Food,
6 Jul 2013,IDR,35000,GBP,2.35,Entertainment,
7 Jul 2013,IDR,15000,GBP,1.01,Food,
7 Jul 2013,IDR,130000,GBP,8.74,Accommodation,
7 Jul 2013,IDR,30000,GBP,2.02,Food,
7 Jul 2013,IDR,125000,GBP,8.4,Food,
7 Jul 2013,IDR,46000,GBP,3.09,Food,
7 Jul 2013,IDR,40000,GBP,2.69,Transport,Bike
8 Jul 2013,IDR,35000,GBP,2.35,Entertainment,
8 Jul 2013,IDR,8000,GBP,0.54,Food,
8 Jul 2013,IDR,40000,GBP,2.69,Transport,Bike
8 Jul 2013,IDR,35000,GBP,2.35,Miscellaneous,Laundry
8 Jul 2013,IDR,1000,GBP,0.07,Transport,
8 Jul 2013,IDR,35000,GBP,2.35,Miscellaneous,Photocopies
8 Jul 2013,IDR,700,GBP,0.05,Miscellaneous,Photocopies
8 Jul 2013,IDR,12500,GBP,0.84,Food,
8 Jul 2013,IDR,160000,GBP,10.75,Food,
8 Jul 2013,IDR,15000,GBP,1.01,Transport,Petrol
8 Jul 2013,IDR,5000,GBP,0.34,Food,
8 Jul 2013,IDR,130000,GBP,8.74,Accommodation,
8 Jul 2013,IDR,25000,GBP,1.68,Food,
9 Jul 2013,IDR,100000,GBP,6.72,Entertainment,Boat to surf
9 Jul 2013,IDR,50000,GBP,3.36,Entertainment,Surf
9 Jul 2013,IDR,130000,GBP,8.74,Accommodation,
9 Jul 2013,IDR,40000,GBP,2.69,Transport,Bike
9 Jul 2013,IDR,130000,GBP,8.74,Food,
9 Jul 2013,IDR,275000,GBP,18.48,Entertainment,
10 Jul 2013,IDR,20000,GBP,1.34,Transport,Bike
10 Jul 2013,IDR,7000,GBP,0.47,Transport,Gas
10 Jul 2013,IDR,100000,GBP,6.72,Entertainment,Surf boards
10 Jul 2013,IDR,80000,GBP,5.38,Entertainment,Surf boat
10 Jul 2013,IDR,35000,GBP,2.35,Food,
10 Jul 2013,IDR,81000,GBP,5.44,Transport,
10 Jul 2013,IDR,60000,GBP,4.03,Transport,
10 Jul 2013,IDR,50000,GBP,3.36,Transport,Bike
10 Jul 2013,IDR,150000,GBP,10.08,Accommodation,
10 Jul 2013,IDR,44000,GBP,2.96,Food,
11 Jul 2013,IDR,500000,GBP,33.6,Miscellaneous,Visa extension 
11 Jul 2013,IDR,84000,GBP,5.64,Food,
11 Jul 2013,IDR,80000,GBP,5.38,Miscellaneous,Priscila phone
11 Jul 2013,IDR,28000,GBP,1.88,Food,
12 Jul 2013,IDR,222222,GBP,14.93,Food,
12 Jul 2013,IDR,222222,GBP,14.93,Accommodation,
12 Jul 2013,IDR,222222,GBP,14.93,Entertainment,
13 Jul 2013,IDR,222222,GBP,14.93,Entertainment,
13 Jul 2013,IDR,222222,GBP,14.93,Food,
13 Jul 2013,IDR,222222,GBP,14.93,Accommodation,
14 Jul 2013,IDR,100000,GBP,6.72,Entertainment,
14 Jul 2013,IDR,222222,GBP,14.93,Transport,
14 Jul 2013,IDR,222222,GBP,14.93,Food,
14 Jul 2013,IDR,222222,GBP,14.93,Entertainment,
14 Jul 2013,IDR,20000,GBP,1.34,Transport,
14 Jul 2013,IDR,11000,GBP,0.74,Food,
14 Jul 2013,IDR,90000,GBP,6.05,Miscellaneous,Guide tip
14 Jul 2013,IDR,143000,GBP,9.61,Food,
14 Jul 2013,IDR,150000,GBP,10.08,Accommodation,
15 Jul 2013,IDR,150000,GBP,10.08,Accommodation,
15 Jul 2013,IDR,60000,GBP,4.03,Transport,
15 Jul 2013,IDR,58000,GBP,3.9,Food,
15 Jul 2013,IDR,69000,GBP,4.64,Food,
15 Jul 2013,IDR,295000,GBP,19.82,Food,Kelvin bday dinner
16 Jul 2013,IDR,130000,GBP,8.74,Miscellaneous,Laundry
16 Jul 2013,IDR,250000,GBP,16.8,Accommodation,
16 Jul 2013,IDR,50000,GBP,3.36,Transport,
16 Jul 2013,IDR,123000,GBP,8.27,Food,
16 Jul 2013,IDR,77000,GBP,5.17,Food,
16 Jul 2013,IDR,4000,GBP,0.27,Food,
17 Jul 2013,IDR,74000,GBP,4.97,Food,
17 Jul 2013,IDR,145000,GBP,9.74,Food,
17 Jul 2013,IDR,250000,GBP,16.8,Accommodation,
18 Jul 2013,IDR,250000,GBP,16.8,Accommodation,
18 Jul 2013,IDR,200000,GBP,13.44,Entertainment,
18 Jul 2013,IDR,77000,GBP,5.17,Food,
18 Jul 2013,IDR,90000,GBP,6.05,Entertainment,
18 Jul 2013,IDR,105000,GBP,7.06,Food,
19 Jul 2013,IDR,90000,GBP,6.05,Transport,Taxi
19 Jul 2013,IDR,20000,GBP,1.34,Transport,Boat
19 Jul 2013,IDR,35000,GBP,2.35,Food,
19 Jul 2013,IDR,34000,GBP,2.28,Miscellaneous,Shop
19 Jul 2013,IDR,85000,GBP,5.71,Transport,
19 Jul 2013,IDR,80000,GBP,5.38,Transport,
19 Jul 2013,IDR,20000,GBP,1.34,Food,
19 Jul 2013,IDR,5000,GBP,0.34,Food,
19 Jul 2013,IDR,29000,GBP,1.95,Food,
19 Jul 2013,IDR,8000,GBP,0.54,Food,
19 Jul 2013,IDR,150000,GBP,10.08,Accommodation,
20 Jul 2013,IDR,150000,GBP,10.08,Accommodation,
20 Jul 2013,IDR,96000,GBP,6.45,Food,
20 Jul 2013,IDR,50000,GBP,3.36,Transport,Bike
20 Jul 2013,IDR,79000,GBP,5.31,Food,
21 Jul 2013,IDR,350000,GBP,23.52,Accommodation,
21 Jul 2013,IDR,50000,GBP,3.36,Transport,
21 Jul 2013,IDR,70000,GBP,4.7,Transport,
21 Jul 2013,IDR,57000,GBP,3.83,Food,
21 Jul 2013,IDR,15000,GBP,1.01,Food,
21 Jul 2013,IDR,62000,GBP,4.17,Food,
22 Jul 2013,IDR,350000,GBP,23.52,Accommodation,
22 Jul 2013,IDR,50000,GBP,3.36,Transport,
22 Jul 2013,IDR,50000,GBP,3.36,Transport,
22 Jul 2013,IDR,7000,GBP,0.47,Transport,
22 Jul 2013,IDR,30000,GBP,2.02,Food,
22 Jul 2013,IDR,4000,GBP,0.27,Food,
22 Jul 2013,IDR,108000,GBP,7.26,Food,
23 Jul 2013,IDR,59000,GBP,3.96,Miscellaneous,Teaching materials
23 Jul 2013,IDR,50000,GBP,3.36,Transport,
23 Jul 2013,IDR,5000,GBP,0.34,Transport,
23 Jul 2013,IDR,350000,GBP,23.52,Accommodation,
23 Jul 2013,IDR,20000,GBP,1.34,Miscellaneous,Teaching materials
23 Jul 2013,IDR,11000,GBP,0.74,Food,
23 Jul 2013,IDR,134000,GBP,9,Food,
24 Jul 2013,IDR,17000,GBP,1.14,Food,
24 Jul 2013,IDR,350000,GBP,23.52,Accommodation,
24 Jul 2013,IDR,6000,GBP,0.4,Food,
24 Jul 2013,IDR,2000,GBP,0.13,Miscellaneous,Teaching materials
24 Jul 2013,IDR,20000,GBP,1.34,Transport,
24 Jul 2013,IDR,25000,GBP,1.68,Transport,
24 Jul 2013,IDR,4000,GBP,0.27,Food,
24 Jul 2013,IDR,102000,GBP,6.85,Food,
25 Jul 2013,IDR,350000,GBP,23.52,Accommodation,
25 Jul 2013,IDR,50000,GBP,3.36,Food,
25 Jul 2013,IDR,25000,GBP,1.68,Transport,
25 Jul 2013,IDR,35000,GBP,2.35,Food,
25 Jul 2013,IDR,104000,GBP,6.99,Food,
26 Jul 2013,IDR,10000,GBP,0.67,Miscellaneous,Laundry
26 Jul 2013,IDR,20000,GBP,1.34,Food,
26 Jul 2013,IDR,16000,GBP,1.08,Food,
26 Jul 2013,IDR,7000,GBP,0.47,Transport,
26 Jul 2013,IDR,19000,GBP,1.28,Transport,
26 Jul 2013,IDR,25000,GBP,1.68,Transport,
26 Jul 2013,IDR,300000,GBP,20.16,Accommodation,
26 Jul 2013,IDR,10000,GBP,0.67,Transport,
26 Jul 2013,IDR,115000,GBP,7.73,Food,
27 Jul 2013,IDR,350000,GBP,23.52,Accommodation,
27 Jul 2013,IDR,25000,GBP,1.68,Transport,
27 Jul 2013,IDR,80000,GBP,5.38,Food,
27 Jul 2013,IDR,63250,GBP,4.25,Food,
27 Jul 2013,IDR,35000,GBP,2.35,Food,
28 Jul 2013,IDR,94000,GBP,6.32,Food,
28 Jul 2013,IDR,55000,GBP,3.7,Food,
28 Jul 2013,IDR,350000,GBP,23.52,Accommodation,
28 Jul 2013,IDR,25000,GBP,1.68,Transport,
28 Jul 2013,IDR,5000,GBP,0.34,Food,
28 Jul 2013,IDR,20000,GBP,1.34,Entertainment,Temple entrance
29 Jul 2013,IDR,25000,GBP,1.68,Transport,
29 Jul 2013,IDR,20000,GBP,1.34,Entertainment,Temple entry
29 Jul 2013,IDR,7000,GBP,0.47,Transport,
29 Jul 2013,IDR,16000,GBP,1.08,Food,
29 Jul 2013,IDR,50000,GBP,3.36,Accommodation,
29 Jul 2013,IDR,16000,GBP,1.08,Food,
29 Jul 2013,IDR,66000,GBP,4.44,Miscellaneous,Phone credit
30 Jul 2013,IDR,24000,GBP,1.61,Food,
30 Jul 2013,IDR,50000,GBP,3.36,Accommodation,
30 Jul 2013,IDR,25000,GBP,1.68,Transport,
30 Jul 2013,IDR,7000,GBP,0.47,Transport,
30 Jul 2013,IDR,31000,GBP,2.08,Food,
30 Jul 2013,IDR,31000,GBP,2.08,Food,
31 Jul 2013,IDR,50000,GBP,3.36,Accommodation,
31 Jul 2013,IDR,25000,GBP,1.68,Accommodation,
31 Jul 2013,IDR,31000,GBP,2.08,Food,
1 Aug 2013,IDR,25000,GBP,1.68,Transport,
1 Aug 2013,IDR,50000,GBP,3.36,Accommodation,
1 Aug 2013,IDR,74000,GBP,4.97,Miscellaneous,
1 Aug 2013,IDR,64000,GBP,4.3,Miscellaneous,Phone credit
1 Aug 2013,IDR,15000,GBP,1.01,Miscellaneous,Washing
2 Aug 2013,IDR,40000,GBP,2.69,Entertainment,Waterfall
2 Aug 2013,IDR,350000,GBP,23.52,Transport,
2 Aug 2013,IDR,14000,GBP,0.94,Transport,
2 Aug 2013,IDR,25000,GBP,1.68,Transport,
2 Aug 2013,IDR,23000,GBP,1.55,Miscellaneous,
2 Aug 2013,IDR,250000,GBP,16.8,Accommodation,
2 Aug 2013,IDR,65000,GBP,4.37,Food,
3 Aug 2013,IDR,41800,GBP,2.81,Food,
3 Aug 2013,IDR,250000,GBP,16.8,Accommodation,
3 Aug 2013,IDR,56500,GBP,3.8,Food,
3 Aug 2013,IDR,5000,GBP,0.34,Food,
3 Aug 2013,IDR,40000,GBP,2.69,Entertainment,Monkey forest
3 Aug 2013,IDR,40000,GBP,2.69,Food,
3 Aug 2013,IDR,170000,GBP,11.42,Miscellaneous,Sarong
3 Aug 2013,IDR,70000,GBP,4.7,Miscellaneous,Gecko
3 Aug 2013,IDR,160000,GBP,10.75,Entertainment,Balinese dance
3 Aug 2013,IDR,31000,GBP,2.08,Food,
4 Aug 2013,IDR,250000,GBP,16.8,Accommodation,
4 Aug 2013,IDR,78100,GBP,5.25,Food,
4 Aug 2013,IDR,120000,GBP,8.06,Food,
4 Aug 2013,IDR,60000,GBP,4.03,Miscellaneous,Hair cut
4 Aug 2013,IDR,70000,GBP,4.7,Miscellaneous,Massage
4 Aug 2013,IDR,4000,GBP,0.27,Food,
5 Aug 2013,IDR,77000,GBP,5.17,Food,
5 Aug 2013,IDR,21000,GBP,1.41,Transport,
5 Aug 2013,IDR,52000,GBP,3.49,Transport,
5 Aug 2013,IDR,7000,GBP,0.47,Transport,
5 Aug 2013,IDR,2000,GBP,0.13,Miscellaneous,
5 Aug 2013,IDR,380000,GBP,25.54,Accommodation,
5 Aug 2013,IDR,15000,GBP,1.01,Food,
5 Aug 2013,IDR,60000,GBP,4.03,Food,
5 Aug 2013,IDR,18000,GBP,1.21,Food,
5 Aug 2013,IDR,75000,GBP,5.04,Food,
5 Aug 2013,IDR,120000,GBP,8.06,Transport,
6 Aug 2013,IDR,10000,GBP,0.67,Food,
6 Aug 2013,IDR,15000,GBP,1.01,Transport,
6 Aug 2013,IDR,50000,GBP,3.36,Food,
6 Aug 2013,IDR,380000,GBP,25.54,Accommodation,
6 Aug 2013,IDR,2000,GBP,0.13,Transport,
6 Aug 2013,IDR,3000,GBP,0.2,Transport,
6 Aug 2013,IDR,40000,GBP,2.69,Entertainment,
6 Aug 2013,IDR,2000,GBP,0.13,Transport,
6 Aug 2013,IDR,50000,GBP,3.36,Transport,
6 Aug 2013,IDR,103000,GBP,6.92,Food,
6 Aug 2013,IDR,59000,GBP,3.96,Food,
7 Aug 2013,IDR,7000,GBP,0.47,Transport,
7 Aug 2013,IDR,50000,GBP,3.36,Entertainment,Surf board
7 Aug 2013,IDR,50000,GBP,3.36,Transport,
7 Aug 2013,IDR,45000,GBP,3.02,Food,
7 Aug 2013,IDR,200000,GBP,13.44,Entertainment,Green school tour
7 Aug 2013,IDR,7000,GBP,0.47,Transport,
7 Aug 2013,IDR,30000,GBP,2.02,Transport,
7 Aug 2013,IDR,439000,GBP,29.5,Food,
7 Aug 2013,IDR,70000,GBP,4.7,Transport,
7 Aug 2013,IDR,300000,GBP,20.16,Transport,Departure tax
8 Aug 2013,AUD,4.9,GBP,2.86,Food,
8 Aug 2013,AUD,4.9,GBP,2.86,Food,
8 Aug 2013,AUD,11,GBP,6.42,Food,
8 Aug 2013,AUD,12,GBP,7.01,Miscellaneous,Mobile
8 Aug 2013,AUD,2,GBP,1.17,Miscellaneous,Mobile
8 Aug 2013,AUD,7.8,GBP,4.55,Food,
8 Aug 2013,AUD,4,GBP,2.34,Miscellaneous,Storage
8 Aug 2013,AUD,28,GBP,16.35,Transport,
8 Aug 2013,AUD,9.5,GBP,5.55,Food,
8 Aug 2013,AUD,10,GBP,5.84,Miscellaneous,Mobile
8 Aug 2013,AUD,66,GBP,38.53,Accommodation,
8 Aug 2013,AUD,5.9,GBP,3.44,Food,
8 Aug 2013,AUD,6,GBP,3.5,Transport,
8 Aug 2013,AUD,11,GBP,6.42,Food,
9 Aug 2013,AUD,23,GBP,13.43,Food,
9 Aug 2013,AUD,70.25,GBP,41.01,Accommodation,
9 Aug 2013,AUD,6.65,GBP,3.88,Food,
10 Aug 2013,AUD,21.9,GBP,12.79,Food,
10 Aug 2013,AUD,70.25,GBP,41.01,Accommodation,
11 Aug 2013,AUD,70.25,GBP,41.01,Accommodation,
11 Aug 2013,AUD,9,GBP,5.25,Entertainment,
11 Aug 2013,AUD,13.5,GBP,7.88,Accommodation,
11 Aug 2013,AUD,27.63,GBP,16.13,Food,
12 Aug 2013,AUD,72.5,GBP,42.33,Accommodation,
12 Aug 2013,AUD,17,GBP,9.93,Food,
13 Aug 2013,AUD,5,GBP,2.92,Bribes,Donation
13 Aug 2013,AUD,92.41,GBP,53.95,Transport,
13 Aug 2013,AUD,13.32,GBP,7.78,Food,
13 Aug 2013,AUD,9.98,GBP,5.83,Transport,
13 Aug 2013,AUD,19.99,GBP,11.67,Transport,
13 Aug 2013,AUD,10,GBP,5.84,Food,
13 Aug 2013,AUD,19,GBP,11.09,Miscellaneous,
14 Aug 2013,AUD,8,GBP,4.67,Entertainment,
14 Aug 2013,AUD,5,GBP,2.92,Food,
14 Aug 2013,AUD,40,GBP,23.35,Transport,
14 Aug 2013,AUD,4,GBP,2.34,Food,
15 Aug 2013,AUD,6,GBP,3.5,Transport,
15 Aug 2013,AUD,14,GBP,8.17,Food,
15 Aug 2013,AUD,9.9,GBP,5.78,Food,
15 Aug 2013,AUD,6,GBP,3.5,Transport,
15 Aug 2013,AUD,15,GBP,8.76,Miscellaneous,Camping bits
15 Aug 2013,AUD,10,GBP,5.84,Miscellaneous,Washing
15 Aug 2013,AUD,9,GBP,5.25,Food,
15 Aug 2013,AUD,22,GBP,12.84,Food,
16 Aug 2013,AUD,9.98,GBP,5.83,Food,
16 Aug 2013,AUD,20,GBP,11.68,Miscellaneous,Thrift shop
16 Aug 2013,AUD,2,GBP,1.17,Miscellaneous,Telus Sim
16 Aug 2013,AUD,50,GBP,29.19,Transport,
16 Aug 2013,AUD,5,GBP,2.92,Miscellaneous,Shorts
16 Aug 2013,AUD,76.69,GBP,44.77,Food,Supermarket darwin
16 Aug 2013,AUD,32.9,GBP,19.21,Miscellaneous,Oil & cassette adapter
17 Aug 2013,AUD,50,GBP,29.19,Entertainment,Jumping crocs
17 Aug 2013,AUD,4.25,GBP,2.48,Food,
17 Aug 2013,AUD,26,GBP,15.18,Accommodation,
17 Aug 2013,AUD,50,GBP,29.19,Entertainment,Kakadu entry
18 Aug 2013,AUD,26,GBP,15.18,Accommodation,
18 Aug 2013,AUD,40,GBP,23.35,Transport,
18 Aug 2013,AUD,27.82,GBP,16.24,Food,
19 Aug 2013,AUD,40,GBP,23.35,Transport,
19 Aug 2013,AUD,50.01,GBP,29.2,Transport,
19 Aug 2013,AUD,3.6,GBP,2.1,Food,
20 Aug 2013,AUD,20,GBP,11.68,Accommodation,
20 Aug 2013,AUD,17.8,GBP,10.39,Transport,Lpg
20 Aug 2013,AUD,48.96,GBP,28.58,Transport,
20 Aug 2013,AUD,102,GBP,59.55,Food,
20 Aug 2013,AUD,96.61,GBP,56.4,Transport,
21 Aug 2013,AUD,30,GBP,17.52,Transport,
21 Aug 2013,AUD,13,GBP,7.59,Entertainment,
21 Aug 2013,AUD,38.99,GBP,22.76,Transport,
21 Aug 2013,AUD,8.23,GBP,4.8,Food,
21 Aug 2013,AUD,44.99,GBP,26.27,Transport,Lpg
22 Aug 2013,AUD,30,GBP,17.52,Accommodation,
22 Aug 2013,AUD,3,GBP,1.75,Food,
22 Aug 2013,AUD,4.5,GBP,2.63,Food,
23 Aug 2013,AUD,3.6,GBP,2.1,Food,
23 Aug 2013,AUD,20,GBP,11.68,Transport,LPG 
23 Aug 2013,AUD,52.79,GBP,30.82,Transport,
24 Aug 2013,AUD,52.95,GBP,30.91,Transport,
24 Aug 2013,AUD,54.1,GBP,31.59,Transport,LPG 
24 Aug 2013,AUD,24,GBP,14.01,Accommodation,
24 Aug 2013,AUD,19.9,GBP,11.62,Entertainment,
24 Aug 2013,AUD,18.5,GBP,10.8,Food,
25 Aug 2013,AUD,65,GBP,37.95,Transport,
25 Aug 2013,AUD,73.28,GBP,42.78,Food,
25 Aug 2013,AUD,4.5,GBP,2.63,Food,
26 Aug 2013,AUD,49.97,GBP,29.17,Transport,
26 Aug 2013,AUD,14,GBP,8.17,Food,
26 Aug 2013,AUD,4.95,GBP,2.89,Food,
26 Aug 2013,AUD,56,GBP,32.7,Transport,
27 Aug 2013,AUD,15,GBP,8.76,Miscellaneous,Book josie
27 Aug 2013,AUD,28,GBP,16.35,Accommodation,
28 Aug 2013,AUD,31.94,GBP,18.65,Food,
28 Aug 2013,AUD,30.86,GBP,18.02,Transport,
28 Aug 2013,AUD,78.1,GBP,45.6,Transport,LPG 
29 Aug 2013,AUD,20,GBP,11.68,Entertainment,
29 Aug 2013,AUD,61.48,GBP,35.89,Entertainment,
30 Aug 2013,AUD,31.99,GBP,18.68,Entertainment,Surf leash wax
30 Aug 2013,AUD,14,GBP,8.17,Accommodation,
30 Aug 2013,AUD,66.89,GBP,39.05,Transport,Lpg
30 Aug 2013,AUD,9.1,GBP,5.31,Food,
30 Aug 2013,AUD,18.6,GBP,10.86,Food,
31 Aug 2013,AUD,14,GBP,8.17,Accommodation,
1 Sep 2013,AUD,14,GBP,8.17,Accommodation,
2 Sep 2013,AUD,35.4,GBP,20.67,Food,
2 Sep 2013,AUD,58.31,GBP,34.04,Transport,
2 Sep 2013,AUD,35,GBP,20.43,Accommodation,
3 Sep 2013,AUD,61.5,GBP,35.91,Transport,
3 Sep 2013,AUD,44.24,GBP,25.83,Transport,
3 Sep 2013,AUD,4.5,GBP,2.63,Food,
3 Sep 2013,AUD,31.01,GBP,18.1,Food,
3 Sep 2013,AUD,4.95,GBP,2.89,Food,
3 Sep 2013,AUD,59.63,GBP,34.81,Transport,
4 Sep 2013,AUD,32,GBP,18.68,Accommodation,
5 Sep 2013,AUD,3.19,GBP,1.86,Food,
5 Sep 2013,AUD,44.09,GBP,25.74,Transport,
6 Sep 2013,AUD,17,GBP,9.93,Miscellaneous,Op shop
6 Sep 2013,AUD,45,GBP,26.27,Miscellaneous,Charity shop
10 Sep 2013,AUD,14.9,GBP,8.7,Food,
10 Sep 2013,AUD,67.35,GBP,39.32,Transport,
11 Sep 2013,AUD,103.63,GBP,60.5,Food,
11 Sep 2013,AUD,22.36,GBP,13.05,Transport,
13 Sep 2013,AUD,3.5,GBP,2.04,Food,
15 Sep 2013,AUD,4.3,GBP,2.51,Food,
15 Sep 2013,AUD,666.44,GBP,390.92,Transport,
15 Sep 2013,AUD,17.5,GBP,10.22,Food,
15 Sep 2013,AUD,24.98,GBP,14.58,Entertainment,
15 Sep 2013,AUD,65.23,GBP,38.08,Transport,
16 Sep 2013,IDR,80000,GBP,5.38,Transport,
16 Sep 2013,IDR,250000,GBP,16.8,Transport,
16 Sep 2013,IDR,5000,GBP,0.34,Food,
16 Sep 2013,IDR,10000,GBP,0.67,Food,
16 Sep 2013,IDR,10000,GBP,0.67,Food,
16 Sep 2013,IDR,175000,GBP,11.76,Transport,
16 Sep 2013,IDR,150000,GBP,10.08,Accommodation,
16 Sep 2013,GBP,31.49,GBP,31.49,Miscellaneous,Indonesian visa on arrival
16 Sep 2013,IDR,170000,GBP,11.42,Food,
17 Sep 2013,IDR,150000,GBP,10.08,Accommodation,
17 Sep 2013,IDR,40000,GBP,2.69,Transport,
17 Sep 2013,IDR,40000,GBP,2.69,Food,
17 Sep 2013,IDR,106000,GBP,7.12,Miscellaneous,
17 Sep 2013,IDR,75000,GBP,5.04,Miscellaneous,Pulsa
17 Sep 2013,IDR,52000,GBP,3.49,Food,
18 Sep 2013,IDR,150000,GBP,10.08,Accommodation,
18 Sep 2013,IDR,40000,GBP,2.69,Transport,
18 Sep 2013,IDR,40000,GBP,2.69,Entertainment,
18 Sep 2013,IDR,120000,GBP,8.06,Entertainment,Surfing
18 Sep 2013,IDR,77000,GBP,5.17,Food,
18 Sep 2013,IDR,5000,GBP,0.34,Food,
18 Sep 2013,IDR,37000,GBP,2.49,Food,
19 Sep 2013,IDR,150000,GBP,10.08,Accommodation,
19 Sep 2013,IDR,40000,GBP,2.69,Transport,
19 Sep 2013,IDR,180000,GBP,12.1,Entertainment,
19 Sep 2013,IDR,7000,GBP,0.47,Transport,
19 Sep 2013,IDR,137000,GBP,9.21,Food,
19 Sep 2013,IDR,10000,GBP,0.67,Food,
19 Sep 2013,IDR,31000,GBP,2.08,Food,
20 Sep 2013,IDR,150000,GBP,10.08,Accommodation,
20 Sep 2013,IDR,40000,GBP,2.69,Transport,
20 Sep 2013,IDR,180000,GBP,12.1,Entertainment,
20 Sep 2013,IDR,40000,GBP,2.69,Food,
20 Sep 2013,IDR,55000,GBP,3.7,Food,
21 Sep 2013,IDR,35000,GBP,2.35,Food,
21 Sep 2013,IDR,150000,GBP,10.08,Accommodation,
21 Sep 2013,IDR,40000,GBP,2.69,Transport,
21 Sep 2013,IDR,119000,GBP,8,Food,
21 Sep 2013,IDR,66000,GBP,4.44,Miscellaneous,Pulsar
21 Sep 2013,IDR,30000,GBP,2.02,Food,
22 Sep 2013,IDR,150000,GBP,10.08,Accommodation,
22 Sep 2013,IDR,40000,GBP,2.69,Transport,
22 Sep 2013,IDR,15000,GBP,1.01,Miscellaneous,Parking
22 Sep 2013,IDR,14000,GBP,0.94,Transport,
22 Sep 2013,IDR,20000,GBP,1.34,Food,
22 Sep 2013,IDR,50000,GBP,3.36,Entertainment,
22 Sep 2013,IDR,117000,GBP,7.86,Food,
23 Sep 2013,IDR,180000,GBP,12.1,Entertainment,
23 Sep 2013,IDR,150000,GBP,10.08,Accommodation,
23 Sep 2013,IDR,40000,GBP,2.69,Transport,
23 Sep 2013,IDR,140000,GBP,9.41,Food,
24 Sep 2013,IDR,150000,GBP,10.08,Accommodation,
24 Sep 2013,IDR,40000,GBP,2.69,Transport,
24 Sep 2013,IDR,97000,GBP,6.52,Food,
25 Sep 2013,IDR,150000,GBP,10.08,Accommodation,
25 Sep 2013,IDR,40000,GBP,2.69,Transport,
25 Sep 2013,IDR,14000,GBP,0.94,Transport,
25 Sep 2013,IDR,5000,GBP,0.34,Miscellaneous,
25 Sep 2013,IDR,27000,GBP,1.81,Food,
25 Sep 2013,IDR,25000,GBP,1.36,Miscellaneous,Washing
25 Sep 2013,IDR,35000,GBP,2.35,Food,
25 Sep 2013,IDR,10000,GBP,0.67,Miscellaneous,
26 Sep 2013,IDR,50000,GBP,2.73,Food,
26 Sep 2013,IDR,100000,GBP,5.45,Transport,
26 Sep 2013,IDR,200000,GBP,10.9,Miscellaneous,Departure tax
26 Sep 2013,IDR,7000,GBP,0.38,Miscellaneous,Postcards
26 Sep 2013,AUD,9.95,GBP,5.81,,
27 Sep 2013,AUD,2.2,GBP,1.29,Food,
27 Sep 2013,AUD,15.49,GBP,9.05,Food,
27 Sep 2013,AUD,12,GBP,7.01,Miscellaneous,
27 Sep 2013,AUD,48.4,GBP,28.28,Food,
27 Sep 2013,AUD,3.9,GBP,2.28,Food,
27 Sep 2013,AUD,42.98,GBP,25.11,Entertainment,
28 Sep 2013,AUD,34.82,GBP,20.35,Transport,
28 Sep 2013,AUD,3.9,GBP,2.28,Food,
28 Sep 2013,AUD,7.3,GBP,4.27,Food,
28 Sep 2013,AUD,4,GBP,2.34,Transport,
28 Sep 2013,AUD,4,GBP,2.34,Transport,
28 Sep 2013,AUD,20,GBP,11.69,Food,
28 Sep 2013,AUD,4,GBP,2.34,Transport,
29 Sep 2013,AUD,42.5,GBP,24.83,Food,
29 Sep 2013,AUD,3.9,GBP,2.28,Food,
29 Sep 2013,AUD,32.5,GBP,18.99,Food,
29 Sep 2013,AUD,20,GBP,11.69,Accommodation,
30 Sep 2013,AUD,32.24,GBP,18.84,Food,
30 Sep 2013,AUD,102,GBP,59.6,Miscellaneous,Clothes shopping
30 Sep 2013,AUD,41.85,GBP,24.45,Transport,
1 Oct 2013,AUD,16,GBP,9.35,Miscellaneous,Clothes
1 Oct 2013,AUD,10.97,GBP,6.41,Food,
1 Oct 2013,AUD,4,GBP,2.34,Food,
1 Oct 2013,AUD,14,GBP,8.18,Accommodation,
2 Oct 2013,AUD,44.9,GBP,26.24,Transport,
2 Oct 2013,AUD,9.47,GBP,5.53,Food,
2 Oct 2013,AUD,10.65,GBP,6.22,Food,
2 Oct 2013,AUD,2,GBP,1.17,Food,
2 Oct 2013,AUD,30,GBP,17.53,Accommodation,
3 Oct 2013,AUD,21.75,GBP,12.71,Transport,
3 Oct 2013,AUD,10,GBP,5.84,Miscellaneous,Phone credit
3 Oct 2013,AUD,12.94,GBP,7.56,Food,
3 Oct 2013,AUD,20,GBP,11.69,Accommodation,
4 Oct 2013,AUD,10,GBP,5.84,Accommodation,
4 Oct 2013,AUD,45.95,GBP,26.85,Transport,
4 Oct 2013,AUD,3.5,GBP,2.05,Food,
4 Oct 2013,AUD,3.5,GBP,2.05,Food,
5 Oct 2013,AUD,17.5,GBP,10.23,Entertainment,Cider
5 Oct 2013,AUD,16.5,GBP,9.64,Food,
5 Oct 2013,AUD,11,GBP,6.43,Food,
5 Oct 2013,AUD,30,GBP,17.53,Entertainment,Surf lesson
5 Oct 2013,AUD,36.12,GBP,21.11,Food,
6 Oct 2013,AUD,25.06,GBP,14.64,Food,
6 Oct 2013,AUD,90,GBP,52.59,Entertainment,
7 Oct 2013,AUD,23.5,GBP,13.73,Food,
7 Oct 2013,AUD,31.31,GBP,18.29,Food,
7 Oct 2013,AUD,43.53,GBP,25.44,Transport,
8 Oct 2013,AUD,5.5,GBP,3.21,Food,
8 Oct 2013,AUD,3,GBP,1.75,Miscellaneous,Washing
8 Oct 2013,AUD,3,GBP,1.75,Miscellaneous,
8 Oct 2013,AUD,8.75,GBP,5.11,clothes ,
8 Oct 2013,AUD,9.5,GBP,5.55,Miscellaneous,Camping gas
8 Oct 2013,AUD,62.16,GBP,36.32,Food,
8 Oct 2013,AUD,3.5,GBP,2.05,clothes ,
8 Oct 2013,AUD,9,GBP,5.26,Food,
8 Oct 2013,AUD,23.6,GBP,13.79,Transport,
9 Oct 2013,AUD,60,GBP,35.06,Transport,
10 Oct 2013,AUD,53.38,GBP,31.19,Transport,
10 Oct 2013,AUD,18,GBP,10.52,Accommodation,
11 Oct 2013,AUD,53.99,GBP,31.55,Food,
11 Oct 2013,AUD,38.33,GBP,22.4,Transport,
11 Oct 2013,AUD,46.95,GBP,27.43,Transport,
12 Oct 2013,AUD,28.62,GBP,16.72,Transport,
12 Oct 2013,AUD,30,GBP,17.53,Transport,
12 Oct 2013,AUD,5,GBP,2.92,Accommodation,Shower
12 Oct 2013,AUD,28.32,GBP,16.55,Transport,
12 Oct 2013,AUD,23.33,GBP,13.63,Transport,
13 Oct 2013,AUD,10.75,GBP,6.28,Transport,
13 Oct 2013,AUD,43.25,GBP,25.27,Transport,
13 Oct 2013,AUD,2,GBP,1.17,Accommodation,Showers
13 Oct 2013,AUD,23.05,GBP,13.47,Transport,
14 Oct 2013,AUD,21.29,GBP,12.44,Transport,
14 Oct 2013,AUD,10,GBP,5.84,Miscellaneous,Pulsa
14 Oct 2013,AUD,29.95,GBP,17.5,Transport,
14 Oct 2013,AUD,7.86,GBP,4.59,Food,
14 Oct 2013,AUD,30.08,GBP,17.58,Transport,
14 Oct 2013,AUD,23,GBP,13.44,Accommodation,
15 Oct 2013,AUD,20.2,GBP,11.8,Food,
15 Oct 2013,AUD,28,GBP,16.36,Transport,
15 Oct 2013,AUD,4,GBP,2.34,Food,
15 Oct 2013,AUD,32.25,GBP,18.84,Food,
15 Oct 2013,AUD,29.45,GBP,17.21,Transport,
16 Oct 2013,AUD,35,GBP,20.45,Food,
17 Oct 2013,AUD,33,GBP,19.28,Food,
17 Oct 2013,AUD,13,GBP,7.6,Food,
17 Oct 2013,AUD,3.5,GBP,2.05,clothes ,
17 Oct 2013,AUD,11,GBP,6.43,Food,
18 Oct 2013,AUD,44.75,GBP,26.15,Transport,
18 Oct 2013,AUD,16.12,GBP,9.42,Food,
18 Oct 2013,AUD,23.28,GBP,13.6,Transport,
19 Oct 2013,AUD,26.94,GBP,15.74,Transport,
19 Oct 2013,AUD,14.57,GBP,8.51,Transport,
20 Oct 2013,AUD,42.73,GBP,24.97,Transport,
20 Oct 2013,AUD,41.72,GBP,24.38,Transport,
21 Oct 2013,AUD,8.5,GBP,4.97,Food,
21 Oct 2013,AUD,24.5,GBP,14.32,Food,
21 Oct 2013,AUD,17,GBP,9.93,Food,
21 Oct 2013,AUD,19.98,GBP,11.67,Transport,
22 Oct 2013,AUD,99.4,GBP,58.08,Food,
23 Oct 2013,AUD,15,GBP,8.76,Entertainment,
23 Oct 2013,AUD,24,GBP,14.02,Entertainment,
24 Oct 2013,AUD,3.5,GBP,2.05,Food,
24 Oct 2013,AUD,26.06,GBP,15.23,Transport,
24 Oct 2013,AUD,7.2,GBP,4.21,Transport,
24 Oct 2013,AUD,12,GBP,7.01,Transport,
24 Oct 2013,AUD,22.6,GBP,13.21,Entertainment,
24 Oct 2013,AUD,6.5,GBP,3.8,Food,
24 Oct 2013,AUD,26,GBP,15.19,Entertainment,
24 Oct 2013,AUD,102,GBP,59.6,Food,
25 Oct 2013,AUD,50,GBP,29.22,Bribes,Cousin osteopath
25 Oct 2013,AUD,50,GBP,29.22,Entertainment,
26 Oct 2013,AUD,12,GBP,7.01,Transport,
26 Oct 2013,AUD,28.8,GBP,16.83,Transport,
26 Oct 2013,AUD,23,GBP,13.44,Food,
27 Oct 2013,AUD,3.5,GBP,2.05,Food,
28 Oct 2013,AUD,20,GBP,11.69,Food,
29 Oct 2013,AUD,3.5,GBP,2.05,Food,
29 Oct 2013,AUD,26.51,GBP,15.49,Food,
29 Oct 2013,AUD,29.56,GBP,17.27,Transport,
30 Oct 2013,AUD,5.7,GBP,3.33,Food,
30 Oct 2013,AUD,4,GBP,2.34,Food,
30 Oct 2013,AUD,21.7,GBP,12.68,Transport,
30 Oct 2013,AUD,22,GBP,12.85,Food,
30 Oct 2013,AUD,18,GBP,10.52,Entertainment,
31 Oct 2013,AUD,3.5,GBP,2.05,Food,
31 Oct 2013,AUD,7.5,GBP,4.38,Food,
31 Oct 2013,AUD,9.54,GBP,5.57,Food,
31 Oct 2013,AUD,36.67,GBP,21.43,Transport,
1 Nov 2013,AUD,35.35,GBP,20.66,Transport,
1 Nov 2013,AUD,26.49,GBP,15.48,Transport,
2 Nov 2013,AUD,13,GBP,7.6,Entertainment,
2 Nov 2013,AUD,33,GBP,19.28,Food,
3 Nov 2013,AUD,107,GBP,62.52,Entertainment,
3 Nov 2013,AUD,10,GBP,5.84,Miscellaneous,Carwash
4 Nov 2013,AUD,26,GBP,15.19,Transport,
5 Nov 2013,AUD,41.7,GBP,24.37,Food,
5 Nov 2013,AUD,36.5,GBP,21.33,Entertainment,
5 Nov 2013,AUD,28.05,GBP,16.39,Food,
6 Nov 2013,AUD,20,GBP,11.69,Transport,
6 Nov 2013,AUD,3.5,GBP,2.05,Food,
6 Nov 2013,AUD,23,GBP,13.44,Entertainment,
7 Nov 2013,AUD,39.5,GBP,23.08,Food,
7 Nov 2013,AUD,21.35,GBP,12.48,Food,
7 Nov 2013,AUD,11.35,GBP,6.63,Food,
7 Nov 2013,AUD,20,GBP,11.69,Transport,
8 Nov 2013,AUD,3.5,GBP,2.05,Food,
8 Nov 2013,AUD,30,GBP,17.53,clothes ,
8 Nov 2013,AUD,7.5,GBP,4.38,Entertainment,
8 Nov 2013,AUD,19,GBP,11.1,Entertainment,
8 Nov 2013,AUD,32,GBP,18.7,Entertainment,
8 Nov 2013,AUD,8,GBP,4.67,Food,
8 Nov 2013,AUD,4,GBP,2.34,Food,
8 Nov 2013,AUD,23,GBP,13.44,Entertainment,
9 Nov 2013,AUD,37.4,GBP,21.85,Food,
9 Nov 2013,AUD,22,GBP,12.85,clothes ,
9 Nov 2013,AUD,31.05,GBP,18.14,Food,
9 Nov 2013,AUD,8.99,GBP,5.25,clothes ,
9 Nov 2013,AUD,50.6,GBP,29.57,Food,
10 Nov 2013,AUD,29,GBP,16.95,Food,
11 Nov 2013,AUD,25,GBP,14.61,Transport,Van
11 Nov 2013,AUD,15.08,GBP,8.81,Food,
11 Nov 2013,AUD,66,GBP,38.56,Transport,
11 Nov 2013,AUD,1.15,GBP,0.67,Food,
11 Nov 2013,AUD,30,GBP,17.53,Accommodation,Van 
12 Nov 2013,AUD,36.5,GBP,21.33,Food,
12 Nov 2013,AUD,30,GBP,17.53,Accommodation,Van
12 Nov 2013,AUD,25,GBP,14.61,Transport,Van
12 Nov 2013,AUD,4,GBP,2.34,Food,
12 Nov 2013,AUD,8.2,GBP,4.79,Food,
13 Nov 2013,AUD,15.4,GBP,9,Food,
13 Nov 2013,AUD,35,GBP,20.45,Accommodation,Van
13 Nov 2013,AUD,20,GBP,11.69,Transport,Van
13 Nov 2013,AUD,58.33,GBP,34.08,Transport,
13 Nov 2013,AUD,16.75,GBP,9.79,Food,
13 Nov 2013,AUD,15,GBP,8.76,Transport,
14 Nov 2013,AUD,10.05,GBP,5.87,Food,
14 Nov 2013,AUD,5,GBP,2.92,Entertainment,
14 Nov 2013,AUD,5.5,GBP,3.21,Miscellaneous,
14 Nov 2013,AUD,30,GBP,17.53,Accommodation,Van
14 Nov 2013,AUD,25,GBP,14.61,Transport,Van
14 Nov 2013,AUD,15.8,GBP,9.23,Food,
14 Nov 2013,AUD,20,GBP,11.69,Transport,
14 Nov 2013,AUD,5.3,GBP,3.1,Food,
14 Nov 2013,AUD,3.6,GBP,2.1,Food,
15 Nov 2013,AUD,25.1,GBP,14.67,Transport,
15 Nov 2013,AUD,4.6,GBP,2.69,Food,
15 Nov 2013,AUD,25,GBP,14.61,Transport,Van
15 Nov 2013,AUD,30,GBP,17.53,Accommodation,Van
15 Nov 2013,AUD,10,GBP,5.84,Entertainment,
15 Nov 2013,AUD,33,GBP,19.28,Food,
15 Nov 2013,AUD,16,GBP,9.35,Entertainment,
15 Nov 2013,AUD,3.5,GBP,2.05,Entertainment,Half pint of port
15 Nov 2013,AUD,30,GBP,17.53,Accommodation,
15 Nov 2013,AUD,30,GBP,17.53,Entertainment,
16 Nov 2013,AUD,10,GBP,5.84,Transport,
16 Nov 2013,AUD,4,GBP,2.34,Food,
16 Nov 2013,AUD,18.95,GBP,11.07,Food,
16 Nov 2013,AUD,6,GBP,3.51,Entertainment,
16 Nov 2013,AUD,30,GBP,17.53,Accommodation,
17 Nov 2013,AUD,10,GBP,5.84,Miscellaneous,Pulsa
17 Nov 2013,AUD,7,GBP,4.09,Food,
18 Nov 2013,AUD,30,GBP,17.53,Accommodation,
18 Nov 2013,AUD,37.5,GBP,21.91,Food,
18 Nov 2013,AUD,3.5,GBP,2.05,Food,
18 Nov 2013,AUD,43,GBP,25.13,Food,
18 Nov 2013,AUD,4,GBP,2.34,Food,
19 Nov 2013,AUD,15,GBP,8.76,Food,
19 Nov 2013,AUD,20,GBP,11.69,Food,
19 Nov 2013,AUD,20,GBP,11.69,Miscellaneous,
19 Nov 2013,AUD,30,GBP,17.53,Accommodation,
19 Nov 2013,AUD,20,GBP,11.69,Food,
20 Nov 2013,AUD,30,GBP,17.53,Accommodation,
21 Nov 2013,AUD,30,GBP,17.53,Accommodation,
21 Nov 2013,AUD,8.55,GBP,5,Food,
24 Nov 2013,AUD,21,GBP,12.27,Food,
24 Nov 2013,AUD,30,GBP,17.53,Accommodation,
24 Nov 2013,AUD,18,GBP,10.52,Food,
25 Nov 2013,AUD,28.8,GBP,16.83,Food,
25 Nov 2013,AUD,5.7,GBP,3.33,Food,
25 Nov 2013,AUD,330,GBP,192.82,Transport,
25 Nov 2013,AUD,55.5,GBP,32.43,Food,
26 Nov 2013,AUD,3.8,GBP,2.22,Food,
26 Nov 2013,AUD,41,GBP,23.96,Food,
26 Nov 2013,AUD,15.75,GBP,9.2,Food,
27 Nov 2013,AUD,15,GBP,8.76,Miscellaneous,Parking
27 Nov 2013,AUD,8.3,GBP,4.85,Food,
27 Nov 2013,AUD,16.8,GBP,9.82,Transport,
27 Nov 2013,AUD,28.95,GBP,16.92,Food,Pavlova
27 Nov 2013,AUD,17.6,GBP,10.28,Bribes,Present for Edward 
28 Nov 2013,AUD,66,GBP,38.56,Food,
28 Nov 2013,AUD,3.5,GBP,2.05,Food,
28 Nov 2013,AUD,4.95,GBP,2.89,clothes ,
28 Nov 2013,AUD,22.2,GBP,12.97,Food,
28 Nov 2013,AUD,60,GBP,35.06,Entertainment,
28 Nov 2013,AUD,10,GBP,5.84,Miscellaneous,Pulsa
29 Nov 2013,AUD,80,GBP,46.75,Food,
29 Nov 2013,AUD,20,GBP,11.69,Entertainment,
29 Nov 2013,AUD,7,GBP,4.09,Food,
30 Nov 2013,AUD,36,GBP,21.04,Food,
30 Nov 2013,AUD,17.12,GBP,10,Food,
1 Dec 2013,AUD,43,GBP,25.13,Food,
1 Dec 2013,AUD,87,GBP,50.84,Transport,
2 Dec 2013,AUD,64,GBP,37.4,Food,
2 Dec 2013,AUD,3.75,GBP,2.19,Food,
2 Dec 2013,FJD,160,GBP,51.79,Transport,
2 Dec 2013,FJD,15.5,GBP,5.02,Food,
2 Dec 2013,FJD,2.65,GBP,0.86,Food,
2 Dec 2013,FJD,1,GBP,0.32,Miscellaneous,Toilet
2 Dec 2013,FJD,84,GBP,27.19,Transport,Boat 1 way
2 Dec 2013,FJD,168,GBP,54.38,Accommodation,
2 Dec 2013,FJD,96,GBP,31.08,Food,
3 Dec 2013,FJD,9.5,GBP,3.08,Entertainment,
3 Dec 2013,FJD,96,GBP,31.08,Food,
3 Dec 2013,FJD,168,GBP,54.38,Accommodation,
4 Dec 2013,FJD,20,GBP,6.47,Entertainment,
4 Dec 2013,FJD,20,GBP,6.47,Transport,
5 Dec 2013,FJD,100,GBP,32.37,Accommodation,
5 Dec 2013,FJD,50,GBP,16.19,Food,
5 Dec 2013,FJD,80,GBP,25.9,Transport,
5 Dec 2013,FJD,14,GBP,4.53,Transport,
6 Dec 2013,FJD,50,GBP,16.19,Transport,
6 Dec 2013,FJD,6,GBP,1.94,Food,
6 Dec 2013,FJD,195,GBP,63.12,Accommodation,
6 Dec 2013,FJD,5,GBP,1.62,Food,
6 Dec 2013,FJD,90,GBP,29.13,Accommodation,
6 Dec 2013,FJD,0.5,GBP,0.16,Food,
6 Dec 2013,FJD,36,GBP,11.65,Food,
7 Dec 2013,FJD,7.5,GBP,2.43,Entertainment,
7 Dec 2013,FJD,50,GBP,16.19,Transport,
7 Dec 2013,FJD,2.5,GBP,0.81,Transport,
7 Dec 2013,FJD,30,GBP,9.71,Transport,
8 Dec 2013,FJD,156,GBP,50.5,Accommodation,
8 Dec 2013,FJD,32,GBP,10.36,Food,
8 Dec 2013,FJD,63,GBP,20.39,Food,
8 Dec 2013,FJD,15,GBP,4.86,Food,
8 Dec 2013,FJD,5,GBP,1.62,Miscellaneous,Wifi
9 Dec 2013,NZD,16.5,GBP,8.36,Food,
9 Dec 2013,NZD,43,GBP,21.79,Transport,Airport bus
9 Dec 2013,NZD,70,GBP,35.47,Accommodation,
9 Dec 2013,NZD,30,GBP,15.2,Miscellaneous,Data sim
9 Dec 2013,NZD,20,GBP,10.13,Miscellaneous,Voice sim
9 Dec 2013,NZD,4,GBP,2.03,Food,
9 Dec 2013,NZD,48,GBP,24.32,Food,
9 Dec 2013,NZD,30,GBP,15.2,Entertainment,
9 Dec 2013,NZD,17,GBP,8.61,Entertainment,
9 Dec 2013,NZD,54,GBP,27.36,Transport,Bus to waikanae
9 Dec 2013,NZD,40,GBP,20.27,Food,
9 Dec 2013,NZD,4,GBP,2.03,Food,
9 Dec 2013,NZD,5.5,GBP,2.79,Food,
9 Dec 2013,NZD,4.5,GBP,2.28,Food,
10 Dec 2013,NZD,11,GBP,5.57,Transport,
10 Dec 2013,NZD,9,GBP,4.56,Transport,
10 Dec 2013,NZD,3.8,GBP,1.93,Transport,
10 Dec 2013,NZD,11.2,GBP,5.68,Transport,
10 Dec 2013,NZD,19.9,GBP,10.08,Food,
10 Dec 2013,NZD,11.2,GBP,5.68,Food,
10 Dec 2013,NZD,3.7,GBP,1.87,Food,
10 Dec 2013,NZD,3.8,GBP,1.93,Transport,
10 Dec 2013,NZD,9,GBP,4.56,Transport,
10 Dec 2013,NZD,22.5,GBP,11.4,Entertainment,
10 Dec 2013,NZD,38.2,GBP,19.36,Food,
10 Dec 2013,NZD,7.4,GBP,3.75,Food,
10 Dec 2013,NZD,178.82,GBP,90.61,Food,
13 Dec 2013,NZD,16,GBP,8.11,Food,
13 Dec 2013,NZD,40.99,GBP,20.77,Food,
15 Dec 2013,NZD,28,GBP,14.19,Transport,
15 Dec 2013,NZD,11.4,GBP,5.78,Food,
15 Dec 2013,NZD,10,GBP,5.07,Miscellaneous,
16 Dec 2013,NZD,28,GBP,14.19,Food,
16 Dec 2013,NZD,3.5,GBP,1.77,Food,
16 Dec 2013,NZD,28,GBP,14.19,Food,
16 Dec 2013,NZD,15.99,GBP,8.1,Entertainment,
16 Dec 2013,NZD,14.53,GBP,7.36,Food,
17 Dec 2013,NZD,11.4,GBP,5.78,Miscellaneous,Postcards
17 Dec 2013,NZD,8,GBP,4.05,Food,
19 Dec 2013,NZD,113.49,GBP,57.51,Food,
19 Dec 2013,NZD,28,GBP,14.19,Transport,
20 Dec 2013,NZD,60.5,GBP,30.66,Food,
20 Dec 2013,NZD,19,GBP,9.63,clothes ,
20 Dec 2013,NZD,10,GBP,5.07,clothes ,
20 Dec 2013,NZD,63,GBP,31.92,Entertainment,
20 Dec 2013,NZD,26.5,GBP,13.43,Entertainment,
22 Dec 2013,NZD,54.3,GBP,27.51,Food,
22 Dec 2013,NZD,40,GBP,20.27,Entertainment,Wedding bits
23 Dec 2013,NZD,17.5,GBP,8.87,Food,
24 Dec 2013,NZD,31.49,GBP,15.96,Bribes,
24 Dec 2013,NZD,3.5,GBP,1.77,Transport,
24 Dec 2013,NZD,49.27,GBP,24.97,Food,
24 Dec 2013,NZD,132.11,GBP,66.94,Bribes,For charlotte
24 Dec 2013,NZD,49,GBP,24.83,Entertainment,Christmas booze
24 Dec 2013,NZD,13,GBP,6.59,Food,
24 Dec 2013,NZD,7,GBP,3.55,Transport,
26 Dec 2013,NZD,132,GBP,66.89,Transport,
26 Dec 2013,NZD,25,GBP,12.67,Transport,
26 Dec 2013,NZD,48,GBP,24.32,Food,
26 Dec 2013,NZD,3.2,GBP,1.62,Food,
26 Dec 2013,NZD,12.3,GBP,6.23,Food,
26 Dec 2013,NZD,70,GBP,35.47,Entertainment,Bikes
27 Dec 2013,NZD,31.5,GBP,15.96,Food,
27 Dec 2013,NZD,29.9,GBP,15.15,Entertainment,
27 Dec 2013,NZD,100,GBP,50.67,Entertainment,Wedding
27 Dec 2013,NZD,4.3,GBP,2.18,Food,
27 Dec 2013,NZD,18,GBP,9.12,Food,
29 Dec 2013,NZD,3,GBP,1.52,Miscellaneous,
29 Dec 2013,NZD,9.3,GBP,4.71,Food,
30 Dec 2013,NZD,32.98,GBP,16.71,Entertainment,
30 Dec 2013,NZD,10,GBP,5.07,Food,
30 Dec 2013,NZD,101.06,GBP,51.21,Transport,
30 Dec 2013,NZD,100,GBP,50.67,Food,
31 Dec 2013,NZD,76,GBP,38.51,Accommodation,
31 Dec 2013,NZD,43.78,GBP,22.18,Miscellaneous,
31 Dec 2013,NZD,40,GBP,20.27,Entertainment,
1 Jan 2014,NZD,27,GBP,13.68,Food,
1 Jan 2014,NZD,4.7,GBP,2.38,Food,
1 Jan 2014,NZD,26.31,GBP,13.33,Food,
1 Jan 2014,NZD,108.63,GBP,55.04,Transport,
2 Jan 2014,NZD,30.5,GBP,15.45,Food,
2 Jan 2014,NZD,122.48,GBP,62.06,Food,
2 Jan 2014,NZD,45,GBP,22.8,Accommodation,
3 Jan 2014,NZD,8,GBP,4.05,clothes ,Washing
3 Jan 2014,NZD,3.5,GBP,1.77,Food,
3 Jan 2014,NZD,7,GBP,3.55,Food,
3 Jan 2014,NZD,8.5,GBP,4.31,,
3 Jan 2014,NZD,97.57,GBP,49.44,Transport,
4 Jan 2014,NZD,13,GBP,6.59,Food,
4 Jan 2014,NZD,12,GBP,6.08,Accommodation,
4 Jan 2014,NZD,18.51,GBP,9.38,Food,
4 Jan 2014,NZD,4.3,GBP,2.18,Food,
5 Jan 2014,NZD,51,GBP,25.84,Food,
5 Jan 2014,NZD,4.5,GBP,2.28,Food,
6 Jan 2014,NZD,15,GBP,7.6,Miscellaneous,Charity shop
6 Jan 2014,NZD,4,GBP,2.03,Food,
6 Jan 2014,NZD,92,GBP,46.62,Transport,
6 Jan 2014,NZD,12,GBP,6.08,Accommodation,
6 Jan 2014,NZD,22,GBP,11.15,Entertainment,
6 Jan 2014,NZD,10.5,GBP,5.32,Entertainment,
6 Jan 2014,NZD,4,GBP,2.03,Food,
7 Jan 2014,NZD,28.5,GBP,14.44,Food,
7 Jan 2014,NZD,48,GBP,24.32,Food,
7 Jan 2014,NZD,10,GBP,5.07,Entertainment,Frisbee
8 Jan 2014,NZD,50,GBP,25.34,Miscellaneous,Credit phone
8 Jan 2014,NZD,29.8,GBP,15.1,Food,
8 Jan 2014,NZD,47,GBP,23.82,Miscellaneous,Medicine
8 Jan 2014,NZD,40.03,GBP,20.28,Transport,
8 Jan 2014,NZD,56.62,GBP,28.69,Food,
10 Jan 2014,NZD,5,GBP,2.53,Accommodation,
11 Jan 2014,NZD,40,GBP,20.27,Transport,
11 Jan 2014,NZD,378,GBP,191.54,Entertainment,
11 Jan 2014,NZD,37.3,GBP,18.9,Food,
12 Jan 2014,NZD,94.83,GBP,48.05,Food,
12 Jan 2014,NZD,92.03,GBP,46.63,Transport,
12 Jan 2014,NZD,12,GBP,6.08,clothes ,
13 Jan 2014,NZD,8,GBP,4.05,Food,
14 Jan 2014,NZD,38,GBP,19.26,clothes ,
14 Jan 2014,NZD,2,GBP,1.01,Food,
14 Jan 2014,NZD,20,GBP,10.13,Accommodation,
14 Jan 2014,NZD,6.3,GBP,3.19,Food,
14 Jan 2014,NZD,49.14,GBP,24.9,Transport,
15 Jan 2014,NZD,44.88,GBP,22.74,Food,
15 Jan 2014,NZD,85.4,GBP,43.27,Transport,
16 Jan 2014,NZD,32,GBP,16.21,Food,
17 Jan 2014,NZD,17.43,GBP,8.83,Food,
17 Jan 2014,NZD,3.9,GBP,1.98,Food,
17 Jan 2014,NZD,13.5,GBP,6.84,Food,
17 Jan 2014,NZD,40,GBP,20.27,Transport,
18 Jan 2014,NZD,40.01,GBP,20.27,Transport,
18 Jan 2014,NZD,6,GBP,3.04,clothes ,
19 Jan 2014,NZD,12,GBP,6.08,Accommodation,
19 Jan 2014,NZD,17.5,GBP,8.87,Food,Lunch
20 Jan 2014,NZD,3.9,GBP,1.98,Food,Coffee
20 Jan 2014,NZD,11.8,GBP,5.98,Food,Butcher
20 Jan 2014,NZD,1.5,GBP,0.76,Transport,Parking
20 Jan 2014,NZD,119.55,GBP,60.58,Food,Supermarket 
20 Jan 2014,NZD,18,GBP,9.12,Food,Veg
20 Jan 2014,NZD,95.44,GBP,48.36,Transport,Petrol
20 Jan 2014,NZD,220,GBP,111.48,Transport,Ferry
21 Jan 2014,NZD,50.01,GBP,25.34,Food,
21 Jan 2014,NZD,4.49,GBP,2.28,Food,
25 Jan 2014,NZD,28,GBP,14.19,Accommodation,Campsite
26 Jan 2014,NZD,87.05,GBP,44.11,Food,
26 Jan 2014,NZD,95,GBP,48.14,Accommodation,
26 Jan 2014,NZD,95,GBP,48.14,Accommodation,
27 Jan 2014,NZD,4,GBP,2.03,Food,
28 Jan 2014,NZD,109,GBP,55.23,Transport,
28 Jan 2014,NZD,18.79,GBP,9.52,Food,
28 Jan 2014,NZD,21,GBP,10.64,Accommodation,
29 Jan 2014,NZD,2,GBP,1.01,Transport,Fuse
30 Jan 2014,NZD,39.2,GBP,19.86,Transport,
30 Jan 2014,NZD,10,GBP,5.07,Accommodation,
30 Jan 2014,NZD,23.7,GBP,12.01,Food,
31 Jan 2014,NZD,39.29,GBP,19.91,Transport,
31 Jan 2014,NZD,47.93,GBP,24.29,Food,
2 Feb 2014,NZD,49.11,GBP,24.88,Transport,
2 Feb 2014,NZD,1.2,GBP,0.61,Transport,
2 Feb 2014,NZD,10,GBP,5.07,Accommodation,
3 Feb 2014,NZD,48.72,GBP,24.69,Transport,
3 Feb 2014,NZD,28.26,GBP,14.32,Food,
3 Feb 2014,NZD,22,GBP,11.15,Accommodation,
3 Feb 2014,NZD,340,GBP,172.28,Entertainment,Dolphin swimming
4 Feb 2014,NZD,20,GBP,10.13,Food,
4 Feb 2014,NZD,60,GBP,30.4,Entertainment,Go pro
4 Feb 2014,NZD,28,GBP,14.19,Bribes,
4 Feb 2014,NZD,10,GBP,5.07,Transport,
4 Feb 2014,NZD,20,GBP,10.13,Transport,
5 Feb 2014,NZD,9,GBP,4.56,Miscellaneous,
5 Feb 2014,NZD,23,GBP,11.65,Food,
5 Feb 2014,NZD,12,GBP,6.08,Transport,
5 Feb 2014,NZD,33,GBP,16.72,Entertainment,
5 Feb 2014,NZD,18,GBP,9.12,Food,
6 Feb 2014,NZD,32,GBP,16.21,Food,
6 Feb 2014,NZD,6.3,GBP,3.19,Food,
6 Feb 2014,NZD,29.72,GBP,15.06,Food,
7 Feb 2014,NZD,104,GBP,52.7,Transport,
7 Feb 2014,NZD,14,GBP,7.09,Entertainment,
7 Feb 2014,NZD,28,GBP,14.19,Accommodation,
7 Feb 2014,NZD,73.9,GBP,37.45,Food,
7 Feb 2014,NZD,28,GBP,14.19,Accommodation,
7 Feb 2014,NZD,3,GBP,1.52,Food,
7 Feb 2014,NZD,4,GBP,2.03,Food,
7 Feb 2014,NZD,11,GBP,5.57,Food,
7 Feb 2014,NZD,11,GBP,5.57,Food,
7 Feb 2014,NZD,10,GBP,5.07,Food,
8 Feb 2014,NZD,5,GBP,2.53,Entertainment,
8 Feb 2014,NZD,20,GBP,10.13,Entertainment,
8 Feb 2014,NZD,24,GBP,12.16,Food,
8 Feb 2014,NZD,6,GBP,3.04,Entertainment,
8 Feb 2014,NZD,50,GBP,25.34,Miscellaneous,Pulsa
9 Feb 2014,NZD,20.5,GBP,10.39,Food,
9 Feb 2014,NZD,11,GBP,5.57,Food,Camping gas
9 Feb 2014,NZD,17.99,GBP,9.12,Entertainment,
9 Feb 2014,NZD,5,GBP,2.53,Accommodation,
9 Feb 2014,NZD,36.22,GBP,18.35,Food,
10 Feb 2014,NZD,61.78,GBP,31.3,Transport,
11 Feb 2014,NZD,40,GBP,20.27,Transport,Tyre fix
11 Feb 2014,NZD,48.99,GBP,24.82,Food,
12 Feb 2014,NZD,86.14,GBP,43.65,Transport,
14 Feb 2014,NZD,94.28,GBP,47.77,Food,
15 Feb 2014,NZD,60,GBP,30.4,Accommodation,
16 Feb 2014,NZD,38.05,GBP,19.28,Transport,
16 Feb 2014,NZD,20.04,GBP,10.15,Food,
16 Feb 2014,NZD,31.82,GBP,16.12,Food,
16 Feb 2014,NZD,4,GBP,2.03,Food,
18 Feb 2014,NZD,30,GBP,15.2,Transport,
19 Feb 2014,NZD,55.85,GBP,28.3,Food,
19 Feb 2014,NZD,29.44,GBP,14.92,Transport,
19 Feb 2014,NZD,15.5,GBP,7.85,Accommodation,
19 Feb 2014,NZD,94,GBP,47.63,Transport,
20 Feb 2014,NZD,70,GBP,35.47,Entertainment,
20 Feb 2014,NZD,12,GBP,6.08,Accommodation,
21 Feb 2014,NZD,17,GBP,8.61,Food,
21 Feb 2014,NZD,12,GBP,6.08,Accommodation,
21 Feb 2014,NZD,4,GBP,2.03,Miscellaneous,Post cards
21 Feb 2014,NZD,10,GBP,5.07,clothes ,
21 Feb 2014,NZD,6.5,GBP,3.29,Food,
21 Feb 2014,NZD,97,GBP,49.15,Food,
21 Feb 2014,NZD,34,GBP,17.23,Food,
22 Feb 2014,NZD,11.36,GBP,5.76,Food,
22 Feb 2014,NZD,20,GBP,10.13,Accommodation,
23 Feb 2014,NZD,19,GBP,9.63,Food,
23 Feb 2014,NZD,30,GBP,15.2,Transport,
23 Feb 2014,NZD,40,GBP,20.27,Transport,
23 Feb 2014,NZD,103.49,GBP,52.44,Transport,
23 Feb 2014,NZD,4.8,GBP,2.43,Food,
23 Feb 2014,NZD,20,GBP,10.13,Accommodation,
24 Feb 2014,NZD,30.8,GBP,15.61,Food,
24 Feb 2014,NZD,2.2,GBP,1.11,Transport,Toll
24 Feb 2014,NZD,66,GBP,33.44,Accommodation,
24 Feb 2014,NZD,6,GBP,3.04,Miscellaneous,Internets
25 Feb 2014,NZD,5.2,GBP,2.63,Food,Ice cream 
25 Feb 2014,NZD,22,GBP,11.15,Transport,
25 Feb 2014,NZD,12,GBP,6.08,Accommodation,
26 Feb 2014,NZD,82.97,GBP,42.04,Transport,
26 Feb 2014,NZD,76.72,GBP,38.88,Food,
26 Feb 2014,NZD,59.99,GBP,30.4,Transport,
27 Feb 2014,NZD,40,GBP,20.27,Entertainment,Surf boards
1 Mar 2014,NZD,16,GBP,8.11,Food,
1 Mar 2014,NZD,12,GBP,6.08,Transport,
1 Mar 2014,NZD,13.99,GBP,7.09,Transport,
1 Mar 2014,NZD,19.89,GBP,10.08,Transport,
2 Mar 2014,NZD,6,GBP,3.04,Transport,Car wash
2 Mar 2014,NZD,1,GBP,0.51,Transport,Car hover
2 Mar 2014,NZD,13.98,GBP,7.08,Entertainment,
2 Mar 2014,NZD,32.7,GBP,16.57,Food,
2 Mar 2014,NZD,63.5,GBP,32.18,Food,
2 Mar 2014,NZD,6,GBP,3.04,Transport,
3 Mar 2014,NZD,6.8,GBP,3.45,Food,
3 Mar 2014,NZD,6,GBP,3.04,Transport,
4 Mar 2014,NZD,35.5,GBP,17.99,Entertainment,
4 Mar 2014,NZD,7,GBP,3.55,Transport,
4 Mar 2014,NZD,12,GBP,6.08,Food,
5 Mar 2014,NZD,70.27,GBP,35.61,Food,
5 Mar 2014,NZD,10,GBP,5.07,Food,
5 Mar 2014,NZD,22.5,GBP,11.4,Food,
5 Mar 2014,NZD,10,GBP,5.07,Transport,
5 Mar 2014,NZD,7,GBP,3.55,Food,
5 Mar 2014,NZD,46,GBP,23.31,Miscellaneous,
5 Mar 2014,NZD,110,GBP,55.74,Miscellaneous,
6 Mar 2014,NZD,4.5,GBP,2.28,Transport,
6 Mar 2014,NZD,4,GBP,2.03,Food,
6 Mar 2014,NZD,20,GBP,10.13,Food,
6 Mar 2014,NZD,8,GBP,4.05,Food,
9 Mar 2014,USD,56.33,GBP,33.66,Accommodation,
9 Mar 2014,USD,14.7,GBP,8.78,Entertainment,
9 Mar 2014,USD,19.12,GBP,11.43,Food,
10 Mar 2014,USD,43.65,GBP,26.08,Food,
10 Mar 2014,USD,17.54,GBP,10.48,Food,
10 Mar 2014,USD,56.33,GBP,33.66,Accommodation,
10 Mar 2014,USD,18.02,GBP,10.77,Food,
11 Mar 2014,USD,29.17,GBP,17.43,Food,
11 Mar 2014,USD,2.25,GBP,1.34,Transport,
11 Mar 2014,USD,14.35,GBP,8.58,Entertainment,
11 Mar 2014,USD,26.13,GBP,15.61,Food,
11 Mar 2014,USD,56.33,GBP,33.66,Accommodation,
11 Mar 2014,USD,3.5,GBP,2.09,Transport,
11 Mar 2014,USD,7.33,GBP,4.38,Entertainment,
11 Mar 2014,USD,26.87,GBP,16.06,Transport,
12 Mar 2014,USD,45.29,GBP,27.06,Food,
12 Mar 2014,USD,60.45,GBP,36.12,Food,
12 Mar 2014,USD,10,GBP,5.98,Entertainment,Google play
12 Mar 2014,USD,15,GBP,8.96,Miscellaneous,Meds
12 Mar 2014,GBP,42.42,GBP,42.42,Transport,Car rental Honolulu 
12 Mar 2014,USD,80.97,GBP,48.39,Transport,Car insurance Honolulu 
12 Mar 2014,USD,128.65,GBP,76.88,Transport,Car rental Kauai 
12 Mar 2014,USD,71.04,GBP,42.45,Accommodation,
12 Mar 2014,USD,34,GBP,20.32,Transport,Luggage
12 Mar 2014,USD,260,GBP,155.37,Transport,Flights Kauai
13 Mar 2014,USD,29,GBP,17.33,Food,
13 Mar 2014,USD,71.04,GBP,42.45,Accommodation,
14 Mar 2014,USD,31.67,GBP,18.93,Food,
14 Mar 2014,USD,71.04,GBP,42.45,Accommodation,
15 Mar 2014,USD,37.6,GBP,22.47,Food,
15 Mar 2014,USD,30,GBP,17.93,Entertainment,
15 Mar 2014,USD,71.04,GBP,42.45,Accommodation,
15 Mar 2014,USD,20,GBP,11.95,Entertainment,
16 Mar 2014,USD,5,GBP,2.99,Food,
16 Mar 2014,USD,71.04,GBP,42.45,Accommodation,
16 Mar 2014,USD,55,GBP,32.87,Transport,
17 Mar 2014,USD,34,GBP,20.32,Transport,
17 Mar 2014,USD,50,GBP,29.88,Food,
17 Mar 2014,USD,79,GBP,47.21,Accommodation,
17 Mar 2014,USD,7,GBP,4.18,Food,
17 Mar 2014,USD,22.25,GBP,13.3,Food,
17 Mar 2014,USD,26.7,GBP,15.96,Miscellaneous,
18 Mar 2014,USD,23.51,GBP,14.05,Food,
18 Mar 2014,USD,79,GBP,47.21,Accommodation,
19 Mar 2014,USD,9.51,GBP,5.68,Food,
19 Mar 2014,USD,42.85,GBP,25.61,Miscellaneous,
19 Mar 2014,USD,17,GBP,10.16,Food,
19 Mar 2014,USD,35,GBP,20.92,Food,
19 Mar 2014,USD,79,GBP,47.21,Accommodation,
19 Mar 2014,USD,24.17,GBP,14.44,Transport,
19 Mar 2014,USD,11.77,GBP,7.03,Miscellaneous,
19 Mar 2014,USD,50,GBP,29.88,Transport,Bags
19 Mar 2014,USD,12,GBP,7.17,Bribes,
19 Mar 2014,USD,13.08,GBP,7.82,Food,
19 Mar 2014,USD,9.9,GBP,5.92,Food,
20 Mar 2014,USD,6,GBP,3.59,Transport,
20 Mar 2014,USD,35,GBP,20.92,Food,
20 Mar 2014,USD,4.75,GBP,2.84,Transport,
20 Mar 2014,USD,4,GBP,2.39,Food,
21 Mar 2014,USD,21,GBP,12.55,Food,
21 Mar 2014,USD,3.54,GBP,2.12,Food,
21 Mar 2014,USD,15,GBP,8.96,Entertainment,
22 Mar 2014,USD,55,GBP,32.87,Food,
22 Mar 2014,USD,8,GBP,4.78,Food,
22 Mar 2014,USD,22,GBP,13.15,Food,
23 Mar 2014,USD,35.9,GBP,21.45,Food,
23 Mar 2014,USD,13.76,GBP,8.22,Food,
24 Mar 2014,USD,19.6,GBP,11.71,Food,
24 Mar 2014,USD,10,GBP,5.98,Transport,
24 Mar 2014,USD,6.36,GBP,3.8,,
24 Mar 2014,USD,45.07,GBP,26.93,Miscellaneous,
25 Mar 2014,USD,124.65,GBP,74.49,Transport,
25 Mar 2014,COP,10000,GBP,3.04,Food,
25 Mar 2014,COP,20000,GBP,6.08,Transport,
25 Mar 2014,COP,74000,GBP,22.5,Accommodation,
25 Mar 2014,COP,3000,GBP,0.91,Food,
25 Mar 2014,COP,4500,GBP,1.37,Food,
25 Mar 2014,COP,9000,GBP,2.74,Miscellaneous,Sim
25 Mar 2014,COP,22000,GBP,6.69,Food,
26 Mar 2014,COP,17000,GBP,5.17,Food,
26 Mar 2014,COP,1500,GBP,0.46,Food,
26 Mar 2014,COP,2500,GBP,0.76,Food,
26 Mar 2014,COP,75000,GBP,22.8,Entertainment,
26 Mar 2014,COP,74000,GBP,22.5,Accommodation,
27 Mar 2014,COP,23800,GBP,7.24,Food,
27 Mar 2014,COP,6400,GBP,1.95,Entertainment,
27 Mar 2014,COP,5300,GBP,1.61,Entertainment,
27 Mar 2014,COP,10000,GBP,3.04,Food,
27 Mar 2014,COP,3200,GBP,0.97,Food,
27 Mar 2014,COP,31600,GBP,9.61,Entertainment,Cable car
27 Mar 2014,COP,74000,GBP,22.5,Accommodation,
27 Mar 2014,COP,8200,GBP,2.49,Miscellaneous,
27 Mar 2014,COP,8000,GBP,2.43,Food,
28 Mar 2014,COP,71000,GBP,21.58,Food,
28 Mar 2014,COP,9000,GBP,2.74,Food,
28 Mar 2014,COP,3000,GBP,0.91,Food,
28 Mar 2014,COP,15000,GBP,4.56,Transport,
28 Mar 2014,COP,58000,GBP,17.63,Transport,
28 Mar 2014,COP,16000,GBP,4.86,Food,
28 Mar 2014,COP,30000,GBP,9.12,Transport,
28 Mar 2014,COP,30000,GBP,9.12,Accommodation,
29 Mar 2014,COP,30000,GBP,9.12,Accommodation,
29 Mar 2014,COP,20000,GBP,6.08,Entertainment,Stars
29 Mar 2014,COP,6000,GBP,1.82,Entertainment,Pool
29 Mar 2014,COP,4000,GBP,1.22,Food,
29 Mar 2014,COP,4000,GBP,1.22,Food,
29 Mar 2014,COP,10000,GBP,3.04,Food,
29 Mar 2014,COP,8000,GBP,2.43,Food,
29 Mar 2014,COP,4000,GBP,1.22,Food,
29 Mar 2014,COP,4000,GBP,1.22,Entertainment,
29 Mar 2014,COP,2000,GBP,0.61,Entertainment,
31 Mar 2014,COP,5000,GBP,1.52,Transport,
31 Mar 2014,COP,50000,GBP,15.2,Transport,
31 Mar 2014,COP,8500,GBP,2.58,Transport,
31 Mar 2014,COP,80000,GBP,24.32,Accommodation,
31 Mar 2014,COP,5000,GBP,1.52,Food,
31 Mar 2014,COP,4000,GBP,1.22,Miscellaneous,Rounding ON desert bill
31 Mar 2014,COP,14000,GBP,4.26,Food,
31 Mar 2014,COP,600,GBP,0.18,Food,
31 Mar 2014,COP,6000,GBP,1.82,Food,
31 Mar 2014,COP,50000,GBP,15.2,Accommodation,
31 Mar 2014,COP,2800,GBP,0.85,Food,
31 Mar 2014,COP,9500,GBP,2.89,Food,
31 Mar 2014,COP,2000,GBP,0.61,Transport,
31 Mar 2014,COP,40000,GBP,12.16,Entertainment,
31 Mar 2014,COP,2000,GBP,0.61,Transport,
31 Mar 2014,COP,1000,GBP,0.3,Food,
31 Mar 2014,COP,2500,GBP,0.76,Food,
31 Mar 2014,COP,300,GBP,0.09,Food,
1 Apr 2014,COP,9500,GBP,2.89,Food,
1 Apr 2014,COP,2000,GBP,0.61,Entertainment,
1 Apr 2014,COP,4000,GBP,1.22,Entertainment,
1 Apr 2014,COP,90000,GBP,27.36,Entertainment,
1 Apr 2014,COP,50000,GBP,15.2,Accommodation,
1 Apr 2014,COP,17500,GBP,5.32,Food,
1 Apr 2014,COP,1000,GBP,0.3,Food,
1 Apr 2014,COP,2000,GBP,0.61,Entertainment,
1 Apr 2014,COP,1500,GBP,0.46,Food,
2 Apr 2014,COP,20000,GBP,6.08,Food,
2 Apr 2014,COP,22000,GBP,6.69,Entertainment,
2 Apr 2014,COP,600,GBP,0.18,Food,
2 Apr 2014,COP,5000,GBP,1.52,Miscellaneous,Washing
2 Apr 2014,COP,6000,GBP,1.82,Food,
2 Apr 2014,COP,1200,GBP,0.36,Food,
2 Apr 2014,COP,4000,GBP,1.22,Transport,
2 Apr 2014,COP,2000,GBP,0.61,Food,
2 Apr 2014,COP,12000,GBP,3.65,Transport,
2 Apr 2014,COP,40000,GBP,12.16,Transport,
2 Apr 2014,COP,7000,GBP,2.13,Food,
2 Apr 2014,COP,2000,GBP,0.61,Miscellaneous,Toilet
2 Apr 2014,COP,200,GBP,0.06,Miscellaneous,Call
2 Apr 2014,COP,5000,GBP,1.52,Transport,
2 Apr 2014,COP,46000,GBP,13.98,Accommodation,
3 Apr 2014,COP,5000,GBP,1.52,Food,
3 Apr 2014,COP,1300,GBP,0.4,Entertainment,
3 Apr 2014,COP,3000,GBP,0.91,Transport,
3 Apr 2014,COP,5500,GBP,1.67,Food,
3 Apr 2014,COP,46000,GBP,13.98,Accommodation,
3 Apr 2014,COP,13900,GBP,4.23,Food,
3 Apr 2014,COP,2500,GBP,0.76,Food,
3 Apr 2014,COP,4000,GBP,1.22,Transport,
4 Apr 2014,COP,22000,GBP,6.69,Food,
4 Apr 2014,COP,22000,GBP,6.69,Food,
4 Apr 2014,COP,2000,GBP,0.61,Food,
4 Apr 2014,COP,4100,GBP,1.25,Food,
4 Apr 2014,COP,5500,GBP,1.67,Food,
4 Apr 2014,COP,70000,GBP,21.28,Transport,
4 Apr 2014,COP,6000,GBP,1.82,Transport,
4 Apr 2014,COP,9800,GBP,2.98,Food,
4 Apr 2014,COP,16000,GBP,4.86,Transport,
4 Apr 2014,COP,600,GBP,0.18,Miscellaneous,Toilet
4 Apr 2014,COP,700,GBP,0.21,Miscellaneous,Poo
4 Apr 2014,COP,6000,GBP,1.82,Transport,
4 Apr 2014,COP,15000,GBP,4.56,Accommodation,
5 Apr 2014,COP,8000,GBP,2.43,Food,
5 Apr 2014,COP,4000,GBP,1.22,Entertainment,
5 Apr 2014,COP,8000,GBP,2.43,Transport,
5 Apr 2014,COP,5000,GBP,1.52,Food,
5 Apr 2014,COP,3000,GBP,0.91,Transport,
5 Apr 2014,USD,6,GBP,3.59,Transport,
5 Apr 2014,USD,0.5,GBP,0.3,Food,
5 Apr 2014,USD,0.5,GBP,0.3,Bribes,
5 Apr 2014,USD,0.5,GBP,0.3,Food,
5 Apr 2014,USD,1,GBP,0.6,Food,
5 Apr 2014,USD,1,GBP,0.6,Food,
6 Apr 2014,USD,30,GBP,17.93,Accommodation,
6 Apr 2014,USD,1,GBP,0.6,Transport,
6 Apr 2014,USD,2.85,GBP,1.7,Food,
6 Apr 2014,USD,4,GBP,2.39,Food,
6 Apr 2014,USD,31.83,GBP,19.02,Food,
6 Apr 2014,USD,4,GBP,2.39,Miscellaneous,
6 Apr 2014,USD,1.5,GBP,0.9,Food,
6 Apr 2014,USD,2.8,GBP,1.67,Food,
6 Apr 2014,USD,4,GBP,2.39,Transport,
6 Apr 2014,USD,27,GBP,16.13,Accommodation,
6 Apr 2014,USD,0.5,GBP,0.3,Transport,
6 Apr 2014,USD,1,GBP,0.6,Food,
6 Apr 2014,USD,7.08,GBP,4.23,Food,
7 Apr 2014,USD,11.86,GBP,7.09,Miscellaneous,
7 Apr 2014,USD,5,GBP,2.99,Transport,
7 Apr 2014,USD,17,GBP,10.16,Entertainment,
7 Apr 2014,USD,18.75,GBP,11.2,Food,
7 Apr 2014,USD,27,GBP,16.13,Accommodation,
7 Apr 2014,USD,5,GBP,2.99,Miscellaneous,Washing
8 Apr 2014,USD,16,GBP,9.56,Food,
8 Apr 2014,USD,11.15,GBP,6.66,Food,Chocolate 
8 Apr 2014,USD,5,GBP,2.99,Food,
14 Apr 2014,USD,33,GBP,19.72,Entertainment,Galapagos bar tab
15 Apr 2014,USD,180,GBP,107.57,Bribes,Beagle tips
15 Apr 2014,USD,2.5,GBP,1.49,Food,
16 Apr 2014,USD,9,GBP,5.38,Food,
16 Apr 2014,USD,56,GBP,33.46,Accommodation,
16 Apr 2014,USD,2,GBP,1.2,Food,
16 Apr 2014,USD,2,GBP,1.2,Food,
16 Apr 2014,USD,6,GBP,3.59,Transport,
16 Apr 2014,USD,15.5,GBP,9.26,Food,
16 Apr 2014,USD,12,GBP,7.17,Entertainment,
16 Apr 2014,USD,6.5,GBP,3.88,Food,
16 Apr 2014,USD,2.2,GBP,1.31,Transport,
16 Apr 2014,USD,18,GBP,10.76,Food,
17 Apr 2014,USD,56,GBP,33.46,Accommodation,
17 Apr 2014,USD,4.5,GBP,2.69,Miscellaneous,Washing 
17 Apr 2014,USD,2.5,GBP,1.49,Food,
17 Apr 2014,USD,21,GBP,12.55,Food,
17 Apr 2014,USD,2.5,GBP,1.49,Food,
17 Apr 2014,USD,11,GBP,6.57,Entertainment,
17 Apr 2014,USD,56,GBP,33.46,Accommodation,
17 Apr 2014,USD,20,GBP,11.95,Food,
17 Apr 2014,USD,13,GBP,7.77,Entertainment,
17 Apr 2014,USD,5,GBP,2.99,clothes ,
18 Apr 2014,USD,26,GBP,15.54,Entertainment,Cocktails
18 Apr 2014,USD,23,GBP,13.74,Food,
18 Apr 2014,USD,15,GBP,8.96,Entertainment,Cocktails
19 Apr 2014,USD,26,GBP,15.54,Entertainment,Taxi tour
19 Apr 2014,USD,6,GBP,3.59,Entertainment,Turtles
19 Apr 2014,USD,18,GBP,10.76,Food,
19 Apr 2014,USD,2.75,GBP,1.64,Food,
19 Apr 2014,USD,56,GBP,33.46,Accommodation,
19 Apr 2014,USD,7,GBP,4.18,Food,
19 Apr 2014,USD,40,GBP,23.9,Accommodation,
19 Apr 2014,USD,60,GBP,35.86,Transport,
19 Apr 2014,USD,5,GBP,2.99,Food,
19 Apr 2014,USD,3.5,GBP,2.09,Food,
20 Apr 2014,USD,40,GBP,23.9,Accommodation,
20 Apr 2014,USD,14.75,GBP,8.81,Food,
21 Apr 2014,USD,17,GBP,10.16,Food,
22 Apr 2014,USD,8,GBP,4.78,Food,
22 Apr 2014,USD,2.5,GBP,1.49,Food,
22 Apr 2014,USD,40,GBP,23.9,Accommodation,
22 Apr 2014,USD,14.5,GBP,8.66,Food,
23 Apr 2014,USD,8,GBP,4.78,Food,
23 Apr 2014,USD,160,GBP,95.61,Entertainment,Kicker rock
23 Apr 2014,USD,40,GBP,23.9,Accommodation,
23 Apr 2014,USD,12,GBP,7.17,Entertainment,
23 Apr 2014,USD,2.5,GBP,1.49,Miscellaneous,Washing
23 Apr 2014,USD,30,GBP,17.93,Food,
24 Apr 2014,USD,12,GBP,7.17,Food,
24 Apr 2014,USD,27,GBP,16.13,Accommodation,
24 Apr 2014,USD,4.6,GBP,2.75,Food,
24 Apr 2014,USD,0.14,GBP,0.08,Food,
24 Apr 2014,USD,27,GBP,16.13,Accommodation,
24 Apr 2014,USD,0.6,GBP,0.36,Food,
24 Apr 2014,USD,0.5,GBP,0.3,Food,
25 Apr 2014,USD,14,GBP,8.37,Food,
25 Apr 2014,USD,7.2,GBP,4.3,Food,
26 Apr 2014,USD,78.4,GBP,46.85,Accommodation,
26 Apr 2014,USD,10,GBP,5.98,Transport,
26 Apr 2014,USD,0.89,GBP,0.53,Food,
27 Apr 2014,USD,78.4,GBP,46.85,Entertainment,
27 Apr 2014,USD,3.14,GBP,1.88,Entertainment,
27 Apr 2014,USD,78.4,GBP,46.85,Accommodation,
28 Apr 2014,USD,6,GBP,3.59,Transport,
28 Apr 2014,USD,2,GBP,1.2,Transport,
28 Apr 2014,USD,1.5,GBP,0.9,Transport,
28 Apr 2014,USD,24,GBP,14.34,Accommodation,
28 Apr 2014,USD,22.4,GBP,13.39,Entertainment,
28 Apr 2014,USD,15,GBP,8.96,Food,
28 Apr 2014,USD,20,GBP,11.95,Transport,
28 Apr 2014,USD,4,GBP,2.39,Transport,
28 Apr 2014,USD,4,GBP,2.39,Entertainment,
28 Apr 2014,USD,5,GBP,2.99,Transport,
28 Apr 2014,USD,2,GBP,1.2,Food,
28 Apr 2014,USD,0.75,GBP,0.45,Food,
28 Apr 2014,USD,4,GBP,2.39,Transport,
29 Apr 2014,USD,5.2,GBP,3.11,Food,
29 Apr 2014,USD,1.5,GBP,0.9,Transport,
29 Apr 2014,USD,0.5,GBP,0.3,Food,
29 Apr 2014,USD,4,GBP,2.39,Transport,
29 Apr 2014,USD,4,GBP,2.39,Transport,
29 Apr 2014,USD,6,GBP,3.59,Food,
29 Apr 2014,USD,4,GBP,2.39,Transport,
29 Apr 2014,USD,25,GBP,14.94,Accommodation,
29 Apr 2014,USD,3,GBP,1.79,Food,
30 Apr 2014,USD,9,GBP,5.38,Entertainment,
30 Apr 2014,USD,7,GBP,4.18,Food,
30 Apr 2014,USD,13.5,GBP,8.07,Food,
30 Apr 2014,USD,1,GBP,0.6,Food,
30 Apr 2014,USD,4.75,GBP,2.84,Miscellaneous,Washing
30 Apr 2014,USD,25,GBP,14.94,Accommodation,
1 May 2014,USD,4,GBP,2.39,Entertainment,
1 May 2014,USD,13,GBP,7.77,Food,
1 May 2014,USD,10,GBP,5.98,Food,
1 May 2014,USD,6,GBP,3.59,Transport,
1 May 2014,USD,2.5,GBP,1.49,Food,
1 May 2014,USD,12.5,GBP,7.47,Transport,
1 May 2014,USD,1.25,GBP,0.75,Food,
2 May 2014,USD,0.5,GBP,0.3,Food,
2 May 2014,USD,8,GBP,4.78,Transport,
2 May 2014,USD,10,GBP,5.98,Food,
2 May 2014,USD,27,GBP,16.13,Accommodation,
2 May 2014,USD,5,GBP,2.99,Food,
2 May 2014,USD,20,GBP,11.95,Bribes,
2 May 2014,USD,8,GBP,4.78,Transport,
2 May 2014,USD,5,GBP,2.99,Transport,
2 May 2014,USD,2,GBP,1.2,Transport,
2 May 2014,USD,3,GBP,1.79,Food,
2 May 2014,USD,25,GBP,14.94,Accommodation,
2 May 2014,USD,18,GBP,10.76,Entertainment,Zip lining
3 May 2014,USD,28,GBP,16.73,Food,
3 May 2014,USD,10,GBP,5.98,Entertainment,Frog concert
3 May 2014,USD,12,GBP,7.17,Entertainment,
3 May 2014,USD,3,GBP,1.79,Transport,
3 May 2014,USD,0.7,GBP,0.42,Food,
3 May 2014,USD,0.35,GBP,0.21,Food,
3 May 2014,USD,4,GBP,2.39,Transport,
3 May 2014,USD,0.35,GBP,0.21,Food,
3 May 2014,USD,4.4,GBP,2.63,Transport,
3 May 2014,USD,0.25,GBP,0.15,Miscellaneous,Toilet
3 May 2014,USD,1.7,GBP,1.02,Food,
3 May 2014,USD,0.5,GBP,0.3,Food,
4 May 2014,USD,15,GBP,8.96,Miscellaneous,Hammock
4 May 2014,USD,24,GBP,14.34,Accommodation,
4 May 2014,USD,4,GBP,2.39,Food,
4 May 2014,USD,3.9,GBP,2.33,Food,
4 May 2014,USD,6,GBP,3.59,Transport,
4 May 2014,USD,3.5,GBP,2.09,Transport,
4 May 2014,COP,60000,GBP,18.24,Transport,
4 May 2014,COP,9000,GBP,2.74,Food,
4 May 2014,COP,4400,GBP,1.34,Food,
4 May 2014,COP,800,GBP,0.24,Miscellaneous,Toilet
4 May 2014,COP,2000,GBP,0.61,Food,
5 May 2014,COP,44000,GBP,13.38,Accommodation,
5 May 2014,COP,10000,GBP,3.04,Food,
5 May 2014,COP,48000,GBP,14.59,Accommodation,
5 May 2014,COP,4000,GBP,1.22,Food,
5 May 2014,COP,1000,GBP,0.3,Food,
5 May 2014,COP,1300,GBP,0.4,Food,
5 May 2014,COP,15000,GBP,4.56,Miscellaneous,Pulsa
5 May 2014,COP,2000,GBP,0.61,Food,
5 May 2014,COP,10000,GBP,3.04,Miscellaneous,Hair cut
5 May 2014,COP,6000,GBP,1.82,Food,
6 May 2014,COP,25400,GBP,7.72,Food,
6 May 2014,COP,7500,GBP,2.28,Food,
6 May 2014,COP,8800,GBP,2.68,Miscellaneous,Stamps 
6 May 2014,COP,8500,GBP,2.58,Food,
6 May 2014,COP,3000,GBP,0.91,Food,
6 May 2014,COP,2500,GBP,0.76,Miscellaneous,Toothpaste
6 May 2014,COP,48000,GBP,14.59,Accommodation,
7 May 2014,COP,2500,GBP,0.76,Food,
7 May 2014,COP,10000,GBP,3.04,Miscellaneous,Laundry
7 May 2014,COP,7000,GBP,2.13,Entertainment,
7 May 2014,COP,42000,GBP,12.77,Food,
7 May 2014,COP,9000,GBP,2.74,Food,
7 May 2014,COP,4000,GBP,1.22,Transport,
7 May 2014,COP,30000,GBP,9.12,Transport,
7 May 2014,COP,2000,GBP,0.61,Food,
7 May 2014,COP,7700,GBP,2.34,Food,
7 May 2014,COP,45000,GBP,13.68,Accommodation,
7 May 2014,COP,8000,GBP,2.43,Transport,
8 May 2014,COP,3750,GBP,1.14,Food,
8 May 2014,COP,18500,GBP,5.62,Entertainment,
8 May 2014,COP,31900,GBP,9.7,Food,
8 May 2014,COP,16000,GBP,4.86,Food,
8 May 2014,COP,75000,GBP,22.8,Accommodation,
8 May 2014,COP,5000,GBP,1.52,Food,
8 May 2014,COP,6000,GBP,1.82,Food,
8 May 2014,COP,4200,GBP,1.28,Transport,
9 May 2014,COP,28600,GBP,8.69,Food,
9 May 2014,COP,17600,GBP,5.35,Entertainment,
9 May 2014,COP,5400,GBP,1.64,Transport,
9 May 2014,COP,1500,GBP,0.46,Miscellaneous,Artesan braclet
9 May 2014,COP,5300,GBP,1.61,Transport,
9 May 2014,COP,34000,GBP,10.34,Entertainment,
9 May 2014,COP,6400,GBP,1.95,Transport,
9 May 2014,COP,2000,GBP,0.61,Food,
9 May 2014,COP,6200,GBP,1.88,Transport,
9 May 2014,COP,1000,GBP,0.3,Miscellaneous,Wee
9 May 2014,COP,20000,GBP,6.08,Transport,
9 May 2014,COP,10000,GBP,3.04,Food,
9 May 2014,COP,900,GBP,0.27,Miscellaneous,Wee
9 May 2014,COP,2000,GBP,0.61,Miscellaneous,Wee
9 May 2014,COP,7600,GBP,2.31,Transport,
10 May 2014,COP,1900,GBP,0.58,Food,
10 May 2014,COP,1500,GBP,0.46,Food,
10 May 2014,COP,2600,GBP,0.79,Food,
10 May 2014,COP,20000,GBP,6.08,Food,
10 May 2014,COP,50000,GBP,15.2,Accommodation,
10 May 2014,COP,1950,GBP,0.59,Food,
10 May 2014,COP,1200,GBP,0.36,Food,
10 May 2014,COP,6500,GBP,1.98,Food,
10 May 2014,COP,7600,GBP,2.31,Food,
10 May 2014,COP,50000,GBP,15.2,Accommodation,
10 May 2014,COP,10000,GBP,3.04,Entertainment,
10 May 2014,COP,11000,GBP,3.34,Bribes,
10 May 2014,COP,400,GBP,0.12,Food,
11 May 2014,COP,35000,GBP,10.64,Food,
11 May 2014,COP,5450,GBP,1.66,Food,
11 May 2014,COP,10000,GBP,3.04,Entertainment,
11 May 2014,COP,6800,GBP,2.07,Transport,
11 May 2014,COP,6000,GBP,1.82,Entertainment,Boots
11 May 2014,COP,10000,GBP,3.04,Entertainment,
11 May 2014,COP,500,GBP,0.15,Miscellaneous,Wee
11 May 2014,COP,6800,GBP,2.07,Transport,Willy
11 May 2014,COP,2500,GBP,0.76,Food,Cookie
11 May 2014,COP,1700,GBP,0.52,Miscellaneous,Newspaper
11 May 2014,COP,50000,GBP,15.2,Accommodation,
12 May 2014,COP,19000,GBP,5.78,Food,
12 May 2014,COP,5145,GBP,1.56,Food,
12 May 2014,COP,7600,GBP,2.31,Transport,
12 May 2014,COP,56000,GBP,17.02,Transport,
12 May 2014,COP,2000,GBP,0.61,Miscellaneous,Wee
12 May 2014,COP,2800,GBP,0.85,Food,
12 May 2014,COP,16500,GBP,5.02,Food,
13 May 2014,COP,16000,GBP,4.86,Transport,
13 May 2014,COP,70000,GBP,21.28,Accommodation,
13 May 2014,COP,80000,GBP,24.32,Food,
13 May 2014,COP,12000,GBP,3.65,Transport,
13 May 2014,COP,8500,GBP,2.58,Food,
13 May 2014,COP,40000,GBP,12.16,Bribes,Arrival tax
13 May 2014,COP,800,GBP,0.24,Miscellaneous,Calls
13 May 2014,COP,7000,GBP,2.13,Food,
13 May 2014,COP,4800,GBP,1.46,Transport,
13 May 2014,COP,60000,GBP,18.24,Accommodation,
13 May 2014,COP,4600,GBP,1.4,Transport,
14 May 2014,COP,10000,GBP,3.04,Food,
14 May 2014,COP,4000,GBP,1.22,Food,
14 May 2014,COP,10000,GBP,3.04,Miscellaneous,Washing
14 May 2014,COP,8000,GBP,2.43,Food,
14 May 2014,COP,4800,GBP,1.46,Transport,
14 May 2014,COP,58000,GBP,17.63,Transport,
14 May 2014,COP,9000,GBP,2.74,clothes ,Pants
14 May 2014,COP,6000,GBP,1.82,Food,
14 May 2014,COP,2000,GBP,0.61,Food,
14 May 2014,COP,500,GBP,0.15,Miscellaneous,Wee
14 May 2014,COP,30000,GBP,9.12,Food,
14 May 2014,COP,2300,GBP,0.7,Food,
14 May 2014,COP,3000,GBP,0.91,Food,
14 May 2014,COP,40000,GBP,12.16,Accommodation,
15 May 2014,COP,50000,GBP,15.2,Entertainment,
15 May 2014,COP,58000,GBP,17.63,Transport,
15 May 2014,COP,27000,GBP,8.21,Miscellaneous,Washing
15 May 2014,COP,12000,GBP,3.65,Food,
15 May 2014,COP,7000,GBP,2.13,Food,
15 May 2014,COP,8500,GBP,2.58,Transport,
15 May 2014,COP,53300,GBP,16.2,Accommodation,
16 May 2014,COP,10000,GBP,3.04,Transport,
16 May 2014,COP,4600,GBP,1.4,Transport,
16 May 2014,COP,40000,GBP,12.16,Accommodation,
16 May 2014,COP,12000,GBP,3.65,Food,
17 May 2014,COP,1750,GBP,0.53,Miscellaneous,Elastic
17 May 2014,COP,800,GBP,0.24,Miscellaneous,Nail varnish
17 May 2014,COP,2000,GBP,0.61,Food,
17 May 2014,COP,7000,GBP,2.13,Food,
17 May 2014,BRL,200,GBP,54,Transport,
17 May 2014,BRL,100,GBP,27,Accommodation,
17 May 2014,BRL,100,GBP,27,Food,
17 May 2014,BRL,10,GBP,2.7,Food,
19 May 2014,BRL,6,GBP,1.62,Entertainment,
19 May 2014,BRL,2,GBP,0.54,Food,Icecream
20 May 2014,BRL,108,GBP,29.16,Accommodation,
20 May 2014,BRL,27.21,GBP,7.35,Food,
20 May 2014,BRL,2,GBP,0.54,Miscellaneous,Newspaper 
20 May 2014,BRL,20,GBP,5.4,Entertainment,Opera tour
20 May 2014,BRL,3,GBP,0.81,Food,
20 May 2014,BRL,14.66,GBP,3.96,Food,
21 May 2014,BRL,57.33,GBP,15.48,Food,
21 May 2014,BRL,3.17,GBP,0.86,Food,
21 May 2014,BRL,108,GBP,29.16,Accommodation,
22 May 2014,BRL,11,GBP,2.97,Transport,
22 May 2014,BRL,27.25,GBP,7.36,Food,
22 May 2014,BRL,60,GBP,16.2,Transport,
22 May 2014,BRL,4.8,GBP,1.3,Transport,
22 May 2014,BRL,85,GBP,22.95,Accommodation,
22 May 2014,BRL,3,GBP,0.81,Food,
22 May 2014,BRL,30.97,GBP,8.36,Food,
23 May 2014,BRL,85,GBP,22.95,Accommodation,
23 May 2014,BRL,10,GBP,2.7,Food,
23 May 2014,BRL,47,GBP,12.69,Food,
24 May 2014,BRL,65,GBP,17.55,Accommodation,
24 May 2014,BRL,7,GBP,1.89,Food,
24 May 2014,BRL,4.5,GBP,1.22,Entertainment,Caiparina ingredients
24 May 2014,BRL,16.5,GBP,4.46,Food,Market veg
24 May 2014,BRL,4.5,GBP,1.22,Food,
24 May 2014,BRL,5,GBP,1.35,Food,
24 May 2014,BRL,5,GBP,1.35,Miscellaneous,Sim
24 May 2014,BRL,3.84,GBP,1.04,Food,
25 May 2014,BRL,65,GBP,17.55,Accommodation,
26 May 2014,BRL,17,GBP,4.59,Food,
26 May 2014,BRL,24.9,GBP,6.72,Food,
26 May 2014,BRL,15.4,GBP,4.16,Entertainment,
26 May 2014,BRL,65,GBP,17.55,Accommodation,
26 May 2014,BRL,18.5,GBP,5,Food,
26 May 2014,BRL,4,GBP,1.08,Food,
26 May 2014,BRL,7.15,GBP,1.93,Food,
26 May 2014,BRL,5,GBP,1.35,Transport,
27 May 2014,BRL,65,GBP,17.55,Accommodation,
27 May 2014,BRL,17,GBP,4.59,Food,
27 May 2014,BRL,10.5,GBP,2.84,Food,
27 May 2014,BRL,35,GBP,9.45,Food,
28 May 2014,BRL,19.5,GBP,5.26,,
28 May 2014,BRL,4.8,GBP,1.3,Transport,
28 May 2014,BRL,4.8,GBP,1.3,Transport,
28 May 2014,BRL,8.5,GBP,2.3,Transport,
28 May 2014,BRL,65,GBP,17.55,Accommodation,
28 May 2014,BRL,14.55,GBP,3.93,Food,
29 May 2014,BRL,60,GBP,16.2,Accommodation,
29 May 2014,BRL,18.5,GBP,5,Food,
29 May 2014,BRL,14.85,GBP,4.01,Food,
30 May 2014,BRL,90,GBP,24.3,Food,
30 May 2014,BRL,60,GBP,16.2,Accommodation,
31 May 2014,BRL,60,GBP,16.2,Accommodation,
31 May 2014,BRL,8,GBP,2.16,Food,
31 May 2014,BRL,12.5,GBP,3.38,Food,
1 Jun 2014,BRL,10,GBP,2.7,Transport,
1 Jun 2014,BRL,91,GBP,24.57,Food,
1 Jun 2014,BRL,10,GBP,2.7,Transport,
2 Jun 2014,BRL,60,GBP,16.2,Accommodation,
2 Jun 2014,BRL,69.5,GBP,18.76,Food,
2 Jun 2014,BRL,10,GBP,2.7,Transport,
2 Jun 2014,BRL,60,GBP,16.2,Accommodation,
2 Jun 2014,BRL,7.49,GBP,2.02,Miscellaneous,
3 Jun 2014,BRL,60,GBP,16.2,Accommodation,
4 Jun 2014,BRL,60,GBP,16.2,Accommodation,
4 Jun 2014,BRL,106.63,GBP,28.79,Food,
4 Jun 2014,BRL,57.97,GBP,15.65,Miscellaneous,Pharmacy
5 Jun 2014,BRL,2.5,GBP,0.68,Food,
6 Jun 2014,BRL,16,GBP,4.32,Food,
6 Jun 2014,BRL,60,GBP,16.2,Accommodation,
6 Jun 2014,BRL,60,GBP,16.2,Accommodation,
6 Jun 2014,BRL,2.5,GBP,0.68,Food,
7 Jun 2014,BRL,60,GBP,16.2,Accommodation,
7 Jun 2014,BRL,7,GBP,1.89,Transport,
7 Jun 2014,BRL,9,GBP,2.43,Transport,
7 Jun 2014,BRL,10,GBP,2.7,Food,
7 Jun 2014,BRL,5,GBP,1.35,Food,
7 Jun 2014,BRL,7,GBP,1.89,Food,
7 Jun 2014,BRL,2.5,GBP,0.68,Food,
8 Jun 2014,BRL,83.4,GBP,22.52,Food,
8 Jun 2014,BRL,2.5,GBP,0.68,Food,
8 Jun 2014,BRL,60,GBP,16.2,Accommodation,
9 Jun 2014,BRL,20.16,GBP,5.44,Food,
9 Jun 2014,BRL,60,GBP,16.2,Accommodation,
10 Jun 2014,BRL,20,GBP,5.4,Miscellaneous,Washing
10 Jun 2014,BRL,9,GBP,2.43,Transport,
10 Jun 2014,BRL,40,GBP,10.8,Transport,
10 Jun 2014,BRL,10,GBP,2.7,Food,
11 Jun 2014,BRL,24,GBP,6.48,Transport,
11 Jun 2014,BRL,107,GBP,28.89,Accommodation,
11 Jun 2014,BRL,60,GBP,16.2,Food,How much was desert?
11 Jun 2014,BRL,61,GBP,16.47,Food,
11 Jun 2014,BRL,40.5,GBP,10.94,Food,
11 Jun 2014,BRL,20,GBP,5.4,Miscellaneous,World Cup paraphernalia 
11 Jun 2014,BRL,107,GBP,28.89,Accommodation,
12 Jun 2014,BRL,107,GBP,28.89,Accommodation,
12 Jun 2014,BRL,72,GBP,19.44,Food,
12 Jun 2014,BRL,40,GBP,10.8,Transport,
13 Jun 2014,BRL,10,GBP,2.7,Transport,
13 Jun 2014,BRL,10,GBP,2.7,Entertainment,
13 Jun 2014,BRL,7.5,GBP,2.02,Entertainment,
13 Jun 2014,BRL,46,GBP,12.42,Food,
13 Jun 2014,BRL,4,GBP,1.08,Food,
13 Jun 2014,BRL,24,GBP,6.48,Transport,
13 Jun 2014,BRL,70,GBP,18.9,Transport,
13 Jun 2014,BRL,18.2,GBP,4.91,Food,
13 Jun 2014,BRL,13,GBP,3.51,Transport,
13 Jun 2014,BRL,150,GBP,40.5,Food,
13 Jun 2014,BRL,8,GBP,2.16,Entertainment,
13 Jun 2014,BRL,10,GBP,2.7,Transport,
13 Jun 2014,BRL,70,GBP,18.9,Accommodation,
14 Jun 2014,BRL,10,GBP,2.7,Miscellaneous,Washing
14 Jun 2014,BRL,70,GBP,18.9,Accommodation,
14 Jun 2014,BRL,6.56,GBP,1.77,Food,
14 Jun 2014,BRL,4.8,GBP,1.3,Transport,
14 Jun 2014,BRL,260,GBP,70.2,Transport,
14 Jun 2014,BRL,16,GBP,4.32,Food,
14 Jun 2014,BRL,4.8,GBP,1.3,Food,
15 Jun 2014,BRL,5,GBP,1.35,Transport,
15 Jun 2014,BRL,44,GBP,11.88,Entertainment,
15 Jun 2014,BRL,35,GBP,9.45,Food,
15 Jun 2014,BRL,7,GBP,1.89,Transport,
15 Jun 2014,BRL,20,GBP,5.4,Transport,
15 Jun 2014,BRL,26,GBP,7.02,Food,
15 Jun 2014,BRL,15.9,GBP,4.29,Food,
16 Jun 2014,BRL,80,GBP,21.6,Accommodation,
16 Jun 2014,BRL,70,GBP,18.9,Transport,
16 Jun 2014,BRL,15,GBP,4.05,Transport,
16 Jun 2014,BRL,6.75,GBP,1.82,Food,
16 Jun 2014,BRL,4,GBP,1.08,Miscellaneous,Internet
17 Jun 2014,BRL,2.25,GBP,0.61,Food,
17 Jun 2014,BRL,90,GBP,24.3,Accommodation,
17 Jun 2014,BRL,2.5,GBP,0.68,Food,
17 Jun 2014,BRL,100,GBP,27,Entertainment,
17 Jun 2014,BRL,2.5,GBP,0.68,Food,
17 Jun 2014,BRL,16,GBP,4.32,Entertainment,
17 Jun 2014,BRL,80.85,GBP,21.83,Food,
17 Jun 2014,BRL,7,GBP,1.89,Entertainment,
17 Jun 2014,BRL,10,GBP,2.7,Entertainment,
17 Jun 2014,BRL,5,GBP,1.35,Food,
18 Jun 2014,BRL,110,GBP,29.7,Accommodation,
18 Jun 2014,BRL,70,GBP,18.9,Accommodation,
18 Jun 2014,BRL,70,GBP,18.9,Entertainment,Dune guide
18 Jun 2014,BRL,11,GBP,2.97,Entertainment,
18 Jun 2014,BRL,16,GBP,4.32,Entertainment,
18 Jun 2014,BRL,4.5,GBP,1.22,Entertainment,
18 Jun 2014,BRL,20,GBP,5.4,Food,
18 Jun 2014,BRL,70,GBP,18.9,Food,
19 Jun 2014,BRL,70,GBP,18.9,Accommodation,
19 Jun 2014,BRL,26,GBP,7.02,Food,
20 Jun 2014,BRL,40,GBP,10.8,Transport,
20 Jun 2014,BRL,2.5,GBP,0.68,Transport,
20 Jun 2014,BRL,3,GBP,0.81,Food,
20 Jun 2014,BRL,540,GBP,145.8,Transport,
21 Jun 2014,BRL,67.1,GBP,18.12,Food,
21 Jun 2014,BRL,5.8,GBP,1.57,Food,
21 Jun 2014,BRL,2.5,GBP,0.68,Bribes,
21 Jun 2014,BRL,100,GBP,27,Accommodation,
21 Jun 2014,BRL,100,GBP,27,Accommodation,
21 Jun 2014,BRL,26.4,GBP,7.13,Food,
21 Jun 2014,BRL,22.55,GBP,6.09,Food,
21 Jun 2014,BRL,14,GBP,3.78,Miscellaneous,Medicine
21 Jun 2014,BRL,6.08,GBP,1.64,Food,
22 Jun 2014,BRL,20,GBP,5.4,Food,
22 Jun 2014,BRL,43,GBP,11.61,Food,
22 Jun 2014,BRL,100,GBP,27,Accommodation,
22 Jun 2014,BRL,26.38,GBP,7.12,Miscellaneous,Medicines
23 Jun 2014,BRL,50.6,GBP,13.66,Food,
23 Jun 2014,BRL,3.2,GBP,0.86,Food,
23 Jun 2014,BRL,100,GBP,27,Accommodation,
24 Jun 2014,BRL,5.8,GBP,1.57,Food,
24 Jun 2014,BRL,30,GBP,8.1,Miscellaneous,Washing
24 Jun 2014,BRL,19,GBP,5.13,Miscellaneous,Medicine
24 Jun 2014,BRL,35.2,GBP,9.5,Food,
24 Jun 2014,BRL,45,GBP,12.15,Food,
24 Jun 2014,BRL,100,GBP,27,Accommodation,
24 Jun 2014,BRL,51.7,GBP,13.96,Food,
24 Jun 2014,BRL,12,GBP,3.24,Food,
25 Jun 2014,BRL,20,GBP,5.4,Transport,
25 Jun 2014,BRL,30,GBP,8.1,Transport,
25 Jun 2014,BRL,5,GBP,1.35,Food,
25 Jun 2014,BRL,50,GBP,13.5,Food,
25 Jun 2014,BRL,4,GBP,1.08,Food,
25 Jun 2014,BRL,2,GBP,0.54,Food,
26 Jun 2014,BRL,6,GBP,1.62,Transport,
26 Jun 2014,BRL,75,GBP,20.25,Accommodation,
26 Jun 2014,BRL,24,GBP,6.48,Food,
26 Jun 2014,BRL,6,GBP,1.62,Transport,
26 Jun 2014,BRL,6,GBP,1.62,Food,
26 Jun 2014,BRL,2.5,GBP,0.68,Food,
26 Jun 2014,BRL,12,GBP,3.24,Transport,
26 Jun 2014,BRL,29.15,GBP,7.87,Food,
26 Jun 2014,BRL,200,GBP,54,Accommodation,
26 Jun 2014,BRL,33,GBP,8.91,Food,
27 Jun 2014,BRL,42.4,GBP,11.45,Transport,
27 Jun 2014,BRL,3.3,GBP,0.89,Food,
27 Jun 2014,BRL,38.7,GBP,10.45,Transport,
27 Jun 2014,BRL,10,GBP,2.7,Food,
27 Jun 2014,BRL,3.5,GBP,0.94,Food,
27 Jun 2014,BRL,13,GBP,3.51,Food,
27 Jun 2014,BRL,150,GBP,40.5,Accommodation,
27 Jun 2014,BRL,84.8,GBP,22.9,Food,
28 Jun 2014,BRL,86.9,GBP,23.46,Food,
28 Jun 2014,BRL,16.5,GBP,4.46,Entertainment,
28 Jun 2014,BRL,150,GBP,40.5,Accommodation,
28 Jun 2014,BRL,10.05,GBP,2.71,Food,
28 Jun 2014,BRL,2,GBP,0.54,Food,
29 Jun 2014,BRL,307.52,GBP,83.03,Transport,
29 Jun 2014,BRL,16,GBP,4.32,Food,
29 Jun 2014,BRL,4.5,GBP,1.22,Food,
30 Jun 2014,BRL,46.2,GBP,12.47,Food,
30 Jun 2014,BRL,40,GBP,10.8,Transport,
30 Jun 2014,BRL,2.6,GBP,0.7,Transport,
30 Jun 2014,BRL,6.7,GBP,1.81,Transport,
30 Jun 2014,BRL,120,GBP,32.4,Accommodation,
30 Jun 2014,BRL,15.5,GBP,4.18,Food,
30 Jun 2014,BRL,6.1,GBP,1.65,Bribes,
30 Jun 2014,BRL,14,GBP,3.78,Food,
30 Jun 2014,BRL,2.75,GBP,0.74,Food,
30 Jun 2014,BRL,6.7,GBP,1.81,Transport,
1 Jul 2014,BRL,34,GBP,9.18,Food,
1 Jul 2014,BRL,43,GBP,11.61,Food,
1 Jul 2014,BRL,36.75,GBP,9.92,Food,
1 Jul 2014,BRL,18,GBP,4.86,Food,
1 Jul 2014,BRL,3.1,GBP,0.84,Transport,
1 Jul 2014,BRL,5.5,GBP,1.48,Transport,
1 Jul 2014,BRL,420.94,GBP,113.65,Transport,Flight > So Paulo 
2 Jul 2014,BRL,3,GBP,0.81,Food,
2 Jul 2014,BRL,6,GBP,1.62,Transport,
2 Jul 2014,BRL,8.5,GBP,2.3,Food,
2 Jul 2014,BRL,17.5,GBP,4.72,Food,
2 Jul 2014,BRL,6,GBP,1.62,Transport,
2 Jul 2014,BRL,9.95,GBP,2.69,Food,
4 Jul 2014,BRL,91,GBP,24.57,Food,
4 Jul 2014,BRL,15.2,GBP,4.1,Miscellaneous,Ear meds
4 Jul 2014,BRL,49.25,GBP,13.3,Entertainment,Cachasa
4 Jul 2014,BRL,6.25,GBP,1.69,Food,
